name,umap
angled leg presses,"[[19.936533  28.113985 ]
 [22.54131   25.760834 ]
 [20.09342   27.866024 ]
 [22.863808  26.648258 ]
 [ 4.266636  15.766541 ]
 [22.377388  26.280746 ]
 [ 3.2597964 14.3827915]
 [23.359344  26.577751 ]
 [ 3.8806682 15.599909 ]
 [22.820562  26.179722 ]
 [ 3.4249718 15.217215 ]
 [23.235678  26.159601 ]
 [ 3.714795  14.212871 ]
 [20.26147   27.530983 ]
 [ 3.3470294 14.099454 ]
 [20.724346  27.65642  ]
 [ 4.223437  15.203635 ]
 [20.971766  27.002325 ]
 [ 3.797658  14.827097 ]
 [21.288042  26.778727 ]]"
arnold press,"[[ 11.501856   -2.3525937]
 [ -6.8977056  14.587347 ]
 [ -6.6488147  13.991932 ]
 [ -6.9981513  14.156326 ]
 [ 10.579353   -1.6742172]
 [ 11.050513   -2.5912752]
 [ -6.242484   13.791729 ]
 [ 10.690026   -2.8096564]
 [ 10.715103   -2.271462 ]
 [-16.374783    5.631499 ]
 [ -6.2296276  15.000471 ]
 [-16.65065     5.415706 ]
 [ 11.264455   -1.8887869]
 [-16.71422     6.407605 ]
 [ -6.1395564  14.608868 ]
 [-17.135397    6.5285277]
 [ 11.020257   -1.5471014]
 [-16.346775    6.0648794]
 [ -6.484583   14.99073  ]
 [-16.86039     5.8848195]]"
back extensions,"[[ 6.81427    6.456781 ]
 [14.33267    9.083927 ]
 [ 7.5092525  6.1590614]
 [14.664505   8.420426 ]
 [ 7.5902944  6.4829373]
 [14.274293   8.501242 ]
 [ 7.104582   6.094276 ]
 [14.820959   8.852535 ]
 [10.266467   7.875493 ]
 [13.459777   8.696988 ]
 [10.568874   8.162096 ]
 [13.508059   9.165261 ]
 [11.9094515  8.581017 ]
 [22.913008   9.440929 ]
 [12.985665   8.899445 ]
 [23.380854   9.732027 ]
 [11.163673   8.212952 ]
 [23.086538   9.329037 ]
 [11.412232   8.534702 ]
 [23.341434   9.089539 ]]"
back presses,"[[  7.3784294   4.0699844]
 [-16.862707   -9.144027 ]
 [  6.749062    2.2824125]
 [-16.570454   -9.076194 ]
 [  7.9174085   5.4155025]
 [-17.072872   -9.604854 ]
 [  7.137969    1.5115291]
 [-16.890474   -9.501117 ]
 [  7.0930686   3.545701 ]
 [-10.524747   -7.227159 ]
 [  7.0361667   2.6686106]
 [-10.984268   -7.0422893]
 [  7.0803905   4.473728 ]
 [  7.7441087   5.0962253]
 [  7.0566516   2.007457 ]
 [  8.0339575   4.8407936]
 [  7.321154    4.9131837]
 [-10.2824135  -7.09778  ]
 [  7.3751535   1.7739875]
 [-10.447382   -6.8214693]]"
bar triceps extensions,"[[-0.5813317  -1.0272713 ]
 [ 3.0273423  -1.2570642 ]
 [-4.958807   -0.12965842]
 [ 3.5002012  -1.3462741 ]
 [-0.97964555 -0.49044454]
 [ 2.9067435  -1.7597486 ]
 [-4.9471216  -0.624668  ]
 [ 3.3152895  -1.7678343 ]
 [-0.4612317  -0.49772844]
 [ 1.915714   -1.0539205 ]
 [-4.4820437  -1.0650897 ]
 [ 1.5167061  -0.8888708 ]
 [-3.3204696  -1.2958738 ]
 [-2.5704162  -0.9971372 ]
 [-4.1975374  -0.7420161 ]
 [-3.695782   -0.94149554]
 [-1.2529668  -0.95144624]
 [ 0.4908655  -0.52608424]
 [-4.4344487  -0.44206825]
 [ 0.6423052  -0.9332926 ]]"
barbell bench press,"[[ 23.527594    4.048252 ]
 [ -9.954028   -5.161615 ]
 [ 24.06391     4.245521 ]
 [-11.0588665  -4.9469123]
 [ 23.578423    4.562051 ]
 [-10.190272   -5.725472 ]
 [ 23.917248    4.2348895]
 [-11.527578   -4.846873 ]
 [ 20.166788    6.1947427]
 [-10.457596   -5.2604218]
 [ 20.607174    6.0398245]
 [-11.433403   -5.3568873]
 [ 20.153107    7.2324686]
 [ -9.210978   -5.4814086]
 [ 19.624266    6.7129803]
 [ -9.445133   -5.1404486]
 [ 19.979486    6.845045 ]
 [ -9.619605   -5.693602 ]
 [ 20.323906    6.659151 ]
 [-11.810084   -5.2669134]]"
barbell calf raise with single leg,"[[-0.13112018  0.2971064 ]
 [17.270132    6.9985476 ]
 [ 0.61463374 -0.37376195]
 [16.753143    6.9271407 ]
 [ 0.28880408 -0.3396978 ]
 [ 3.8056345  21.477922  ]
 [16.958435    7.347756  ]
 [ 4.072713   21.290314  ]
 [ 0.0526883   0.5309254 ]
 [ 4.616677   21.348722  ]
 [ 0.8070011   0.26671705]
 [ 4.2934546  21.697731  ]
 [17.245117    6.284532  ]
 [ 5.770552   21.20677   ]
 [ 0.42261395  0.19144653]
 [ 5.556942   21.202124  ]
 [16.999401    6.435464  ]
 [ 5.0956573  21.71653   ]
 [16.585182    7.31626   ]
 [ 5.4960566  21.7657    ]]"
barbell calf raise,"[[  1.4403038    8.581719  ]
 [ -1.2771558    8.604397  ]
 [  0.24143521   8.46851   ]
 [ -1.5766362    8.298439  ]
 [  0.72531366   8.916365  ]
 [-16.713291     0.03107974]
 [ -2.3641665    8.413854  ]
 [-16.828861     0.44694403]
 [  1.2078546    8.19975   ]
 [-17.153343    -0.31556797]
 [  0.59722465   8.318554  ]
 [-16.588682    -0.27265003]
 [  0.199976     8.958162  ]
 [-17.493874    -1.2554523 ]
 [ -1.8533905    8.815449  ]
 [-17.226835    -1.5176319 ]
 [ -0.36034638   8.822336  ]
 [-17.472324    -0.74976295]
 [ -2.1013336    8.235945  ]
 [-16.947378    -0.76104593]]"
barbell curls,"[[ 6.11485    -1.7981724 ]
 [ 1.0932723   8.222682  ]
 [ 7.58681     1.5656323 ]
 [ 1.4740849   8.621191  ]
 [ 5.2695074  -1.522601  ]
 [ 1.0317087   8.703644  ]
 [ 7.487085   -0.9731681 ]
 [ 0.6374589   8.332491  ]
 [ 6.525166   -2.1698947 ]
 [ 0.16168033  8.839084  ]
 [ 7.2896914   1.9925445 ]
 [ 0.57613087  8.99544   ]
 [ 7.551063   -1.4176695 ]
 [ 7.372603   -2.1023617 ]
 [ 7.760016    1.9536086 ]
 [ 7.8429084  -1.8369827 ]
 [ 6.9528275  -1.7691662 ]
 [ 4.772765   -1.5318943 ]
 [ 7.312243    1.4247193 ]
 [ 5.091994   -1.9176084 ]]"
barbell front raise,"[[11.383545    0.13837399]
 [11.527515    3.8155255 ]
 [10.673606    3.1237488 ]
 [11.249422    3.6552982 ]
 [11.384008    1.1887041 ]
 [12.384504    4.649468  ]
 [11.066839    4.1252275 ]
 [13.135294    5.1396737 ]
 [11.953871    0.46354192]
 [13.823611    5.549956  ]
 [11.29815     2.8982785 ]
 [14.231221    5.828646  ]
 [11.790405    0.09204731]
 [15.798805    6.4683475 ]
 [11.024911    2.3565314 ]
 [15.50648     6.821436  ]
 [11.547123    0.6410448 ]
 [15.154486    6.5164623 ]
 [10.94009     3.0076234 ]
 [14.877603    6.1849017 ]]"
barbell front raises,"[[ -9.169614   -0.7465231]
 [ -4.2680616   2.9159205]
 [-10.067868    8.702014 ]
 [ -4.7145066   2.9709313]
 [ -7.1414404   0.2216878]
 [ -5.0727444   2.5685463]
 [ -9.309383   -1.4336629]
 [ -4.5506854   2.481144 ]
 [-10.01779    -1.1408688]
 [ -5.243983    1.6787722]
 [-10.411881    8.332117 ]
 [ -5.5775433   2.0309238]
 [ -9.753517   -0.7896278]
 [ -7.438722    0.4547467]
 [ -9.857125    8.379018 ]
 [ -7.727047    0.0437158]
 [ -9.73536    -1.4150299]
 [ -5.743698    1.1340063]
 [-10.137941    8.285699 ]
 [ -6.319631    1.0398934]]"
barbell lunge,"[[15.870744  20.126728 ]
 [19.250267  18.377571 ]
 [17.17744   19.26606  ]
 [19.02526   19.238516 ]
 [15.4530735 20.61147  ]
 [19.045734  18.775969 ]
 [17.970798  19.32773  ]
 [19.524376  18.929298 ]
 [15.965346  19.683107 ]
 [ 6.033783  -4.9043713]
 [16.744022  19.391668 ]
 [ 6.3761578 -5.3163075]
 [15.160616  20.238113 ]
 [ 7.213829  -4.6633143]
 [17.537376  18.729033 ]
 [ 6.862509  -4.561573 ]
 [15.473218  19.935574 ]
 [ 6.9986534 -5.0153522]
 [18.221817  18.446705 ]
 [ 6.3776093 -4.653828 ]]"
barbell squat overhead,"[[ 5.9511604  4.926514 ]
 [ 6.117923   1.9133853]
 [ 5.6954913  3.1418269]
 [ 6.4901805  2.1227372]
 [ 6.621637   5.406999 ]
 [ 6.872574   4.0227213]
 [ 5.7643166  2.354395 ]
 [ 6.6814985  3.1357343]
 [ 6.1392193  5.402329 ]
 [ 8.24872   17.27815  ]
 [ 5.779643   4.1293163]
 [ 8.537551  17.626755 ]
 [ 6.6975484  5.046419 ]
 [ 9.6817465 17.511082 ]
 [ 5.9777856  3.596687 ]
 [ 9.350823  17.279093 ]
 [ 6.319429   4.620249 ]
 [ 9.028209  17.511065 ]
 [ 6.1243     2.7212384]
 [ 8.848728  17.109028 ]]"
barbell squat,"[[ 7.5155296  -3.371426  ]
 [-2.444031   -3.2776458 ]
 [-0.81870645 -4.4164777 ]
 [-2.0781043  -3.5386996 ]
 [ 6.829153   -3.7552452 ]
 [-2.2044883  -2.8677514 ]
 [-0.84086394 -3.7423718 ]
 [-1.7646788  -3.315932  ]
 [ 7.076481   -3.532334  ]
 [ 4.6002603   0.6185277 ]
 [-0.07935145 -4.90995   ]
 [ 5.082203    0.50261337]
 [ 7.251145   -3.9856472 ]
 [ 5.470852    1.4860337 ]
 [-0.6319796  -4.8330603 ]
 [ 5.6772985   1.1977375 ]
 [ 7.5897813  -3.8449044 ]
 [ 5.3535457   0.7518317 ]
 [-1.3343294  -4.3182664 ]
 [ 5.0663633   1.1338139 ]]"
bench jump,"[[ 9.637809   2.489819 ]
 [ 7.918185   2.5391698]
 [10.615263   2.4358997]
 [ 8.194023   2.353849 ]
 [10.778087   1.3674859]
 [-3.249378   5.270604 ]
 [11.073142   1.6443961]
 [-2.9776418  5.016416 ]
 [ 8.462325   1.7145332]
 [-3.4091835  4.6041327]
 [ 8.780856   1.6844423]
 [-3.7753637  4.89797  ]
 [ 9.301137   2.0399501]
 [-4.6520834  4.305733 ]
 [ 9.534915   1.7469544]
 [-4.83578    4.7050266]
 [10.1813345  2.1381214]
 [-4.184591   4.651665 ]
 [10.632619   2.0607662]
 [-4.333537   4.1815257]]"
bench presses,"[[10.526205   -5.6593504 ]
 [21.692642   -0.13609351]
 [10.511078   -5.2325277 ]
 [22.768219   -0.3545657 ]
 [10.823676   -5.999792  ]
 [23.110153   -1.3726013 ]
 [11.187628   -5.5098867 ]
 [23.338463   -1.0780214 ]
 [-2.2669685  -6.21146   ]
 [21.784962   -0.50402105]
 [-1.9921542  -6.3384295 ]
 [22.343737   -0.7436053 ]
 [-2.099268   -7.0052805 ]
 [11.134302   -5.156853  ]
 [-2.5596867  -6.9407263 ]
 [10.730008   -4.9102197 ]
 [-1.7143927  -7.596332  ]
 [22.180895   -0.26161465]
 [-1.889076   -7.2965016 ]
 [22.532282   -0.9573548 ]]"
bent over row,"[[ 9.913591  13.831128 ]
 [15.61498    4.280224 ]
 [ 8.780956  13.1614   ]
 [15.838384   4.5357285]
 [ 9.900913  14.305031 ]
 [16.004507   5.1986575]
 [ 4.1565595  8.472523 ]
 [16.616688   5.2619443]
 [ 8.396043  13.472152 ]
 [16.51072    4.674717 ]
 [ 4.3351574  8.651316 ]
 [16.262388   4.70969  ]
 [ 8.6603565 13.835246 ]
 [10.496109  14.310567 ]
 [ 4.5444145  8.861895 ]
 [10.199446  14.599087 ]
 [ 9.252213  13.634713 ]
 [16.605696   5.802333 ]
 [ 3.886079   8.204871 ]
 [16.825836   6.140001 ]]"
bodyweight crunch,"[[ 8.337986  -4.126235 ]
 [ 7.889252   4.498454 ]
 [ 7.9979143 -4.634389 ]
 [ 7.85281    5.0607896]
 [ 7.8599787 -4.17666  ]
 [ 9.071346   3.267519 ]
 [ 7.9407086 -4.3069077]
 [ 8.646775   3.1216526]
 [ 3.9180074  5.4913607]
 [ 7.3432794  5.183326 ]
 [ 3.9670854  5.0745997]
 [ 6.7040677  5.3099313]
 [ 5.7189617  5.7934656]
 [ 7.127388   5.6281095]
 [ 5.1648455  5.827719 ]
 [ 6.450165   5.766492 ]
 [ 4.63083    5.73286  ]
 [ 8.769042   3.5833988]
 [ 4.2835     5.482679 ]
 [ 8.524736   3.908409 ]]"
bodyweight hip extension,"[[ -5.002364    3.8256993]
 [ -9.752952    9.941221 ]
 [ -4.811527    3.2627864]
 [ -9.273788    9.758694 ]
 [ -5.222805    3.621412 ]
 [ -9.823956    8.734422 ]
 [ -3.5040731   4.3886933]
 [ -9.58832     9.395108 ]
 [ -4.3843827   3.665296 ]
 [-10.11877     9.542652 ]
 [ -4.0955014   4.137405 ]
 [ -9.125384   10.228831 ]
 [ -3.148313    4.172348 ]
 [ -9.640597    8.691484 ]
 [ -7.969983   10.157577 ]
 [ -8.280893   10.914499 ]
 [ -3.7135847   3.8681731]
 [ -8.483771    9.777764 ]
 [ -2.9716759   3.9948173]
 [ -8.026988   10.658575 ]]"
bodyweight superman,"[[ 6.5069275   3.4217956 ]
 [ 9.478895    0.8906101 ]
 [ 6.915107    3.5399418 ]
 [ 9.170626    1.513451  ]
 [ 8.207849    3.4274826 ]
 [10.136753    0.8583713 ]
 [ 8.684426    2.8499696 ]
 [ 9.926438    1.1675762 ]
 [-5.856245   14.18691   ]
 [ 9.0332775   0.98884803]
 [-5.5826764  14.650407  ]
 [ 8.647555    1.5787847 ]
 [-6.6286306  15.347596  ]
 [ 7.623808    3.3872328 ]
 [-6.671196   14.8459015 ]
 [ 7.2649693   3.5167801 ]
 [-6.30754    15.011856  ]
 [ 8.615063    2.1154082 ]
 [-6.178829   14.663693  ]
 [ 8.137       2.6174116 ]]"
brbell shrugs,"[[  4.5378447  -8.976701 ]
 [ 15.596066   28.38622  ]
 [ 18.05278    -6.438824 ]
 [ 15.320649   28.706749 ]
 [  4.9814334  -8.821851 ]
 [ 15.0456505  28.070425 ]
 [ 18.439281   -6.0985746]
 [ 14.618743   27.913654 ]
 [  3.9901488 -10.201239 ]
 [ 15.217825   27.68449  ]
 [ 18.612574   -6.8063726]
 [ 14.997991   27.570028 ]
 [  4.2779465  -9.891168 ]
 [  5.3487706  -9.188931 ]
 [ 18.28574    -6.8270173]
 [  4.9293385  -9.46306  ]
 [  4.6145225 -10.024475 ]
 [  4.909454   -8.126664 ]
 [ 18.579453   -6.492215 ]
 [  5.312727   -8.3471985]]"
bulgarian split squat (no weights),"[[-0.61975324  3.7835774 ]
 [ 0.02194207  8.264603  ]
 [-1.041752    7.0011826 ]
 [-0.21029463  7.896481  ]
 [ 0.18874064  4.3176875 ]
 [ 0.5417627   7.619657  ]
 [-0.6983606   6.795962  ]
 [ 0.3095407   7.879552  ]
 [-0.02713388  3.6138926 ]
 [-3.8745434  18.556725  ]
 [-0.0932087   5.028776  ]
 [-4.087711   18.097359  ]
 [-0.2834383   4.174028  ]
 [-3.5190516  17.30589   ]
 [ 0.05171933  3.2255542 ]
 [-3.2847655  17.81969   ]
 [-0.24575312  7.1789484 ]
 [-3.9405715  17.562943  ]
 [-0.39424178  4.6673474 ]
 [-3.6799989  18.029467  ]]"
bulgarian split squat,"[[  7.936206    6.4457107]
 [  6.143891    5.543986 ]
 [  6.3882723   6.030569 ]
 [  5.7762775   5.591428 ]
 [  8.270517    5.279658 ]
 [-11.890251    8.482155 ]
 [  6.3558      6.591702 ]
 [-12.449281    8.700668 ]
 [  8.224412    6.02415  ]
 [-11.973419    9.0521965]
 [  7.260089    6.6634984]
 [-12.419101    9.16752  ]
 [  7.9909277   5.5664353]
 [-11.208184    8.236084 ]
 [  8.55849     5.709387 ]
 [-10.653303    7.8792048]
 [  6.874673    6.2752213]
 [-11.103612    7.9201617]
 [  5.9475555   6.164508 ]
 [-10.906743    8.327091 ]]"
cable back kicks,"[[ 14.979802    1.5744509]
 [  5.260273    2.9867415]
 [ 15.15594     1.0362887]
 [  4.995034    4.0078683]
 [-11.715995   -8.913137 ]
 [  4.9724965   3.4431295]
 [ 15.652762    1.9346523]
 [  5.359598    3.5782967]
 [  3.6455467   6.2009306]
 [ 15.399468    1.5402106]
 [  3.1614642   6.253976 ]
 [ 15.690731    1.4898336]
 [  3.945125    6.648069 ]
 [-11.305449   -8.978807 ]
 [  3.0738435   6.5777373]
 [-11.92111    -8.53025  ]
 [  3.7721732   6.8776293]
 [-11.819381   -9.25804  ]
 [  3.337799    6.924927 ]
 [-11.479882   -8.469248 ]]"
cable biceps curl,"[[ -2.3406603   6.331237 ]
 [  9.973686  -10.332048 ]
 [ -3.9911103   4.852388 ]
 [ 10.519155  -10.017387 ]
 [ 10.52576   -10.809859 ]
 [ 10.13758    -9.401304 ]
 [ 10.37944   -10.45852  ]
 [  9.774433   -9.6201725]
 [ -2.693326    5.985747 ]
 [  8.954498   -8.784362 ]
 [ -4.4314218   4.998763 ]
 [  9.436909   -8.992119 ]
 [ -2.834374    6.4067354]
 [  8.746697   -7.315813 ]
 [ -3.8326063   5.631921 ]
 [  9.005543   -7.663622 ]
 [ -3.2460437   6.0336685]
 [  8.561694   -7.869248 ]
 [ -4.1272473   5.2118607]
 [  9.043235   -8.18906  ]]"
cable crossover flys,"[[-0.01837557 -1.8111984 ]
 [ 7.821969   11.606778  ]
 [ 6.9627852  11.900223  ]
 [ 7.9082603  12.331539  ]
 [-0.2865994  -1.5440478 ]
 [11.944266    8.95611   ]
 [ 8.078654   11.874169  ]
 [12.357044    9.094742  ]
 [ 0.52146375 -2.3440201 ]
 [13.153883    8.790024  ]
 [ 6.67331    12.373309  ]
 [12.687273    8.611968  ]
 [ 0.28218594 -2.1084309 ]
 [14.379745    8.690888  ]
 [ 7.4530287  12.3664255 ]
 [14.015664    8.556003  ]
 [ 0.1341249  -1.9643035 ]
 [14.105146    8.302556  ]
 [ 7.1643267  12.322482  ]
 [13.659762    8.232245  ]]"
chin-ups,"[[ 16.33173      5.2355103 ]
 [ 15.391024     5.365659  ]
 [  0.7741902  -14.329788  ]
 [ 15.407143     5.736644  ]
 [ 13.43187      2.013173  ]
 [  0.41181087 -14.64274   ]
 [  0.08211488 -14.393339  ]
 [  0.3618988  -13.895089  ]
 [ 15.942047     5.438119  ]
 [ 12.781886     1.2494938 ]
 [  1.7477778  -13.909296  ]
 [ 13.226375     1.2635233 ]
 [  2.0558786  -14.156839  ]
 [ 12.308522    -0.28939578]
 [  1.6565605  -14.246631  ]
 [ 12.724421    -0.09131864]
 [ 16.033457     5.6905813 ]
 [ 12.664329     0.438012  ]
 [  1.1819999  -13.92247   ]
 [ 13.080687     0.43821114]]"
close-grip bench presses,"[[11.814918  10.272962 ]
 [-9.751816  10.644162 ]
 [12.720308   9.977748 ]
 [-9.611733  11.026718 ]
 [11.829235   9.501032 ]
 [-8.014161  11.527735 ]
 [12.079728  10.017676 ]
 [-8.233717  11.3436985]
 [15.520139   3.4618506]
 [-9.221253  10.755553 ]
 [15.651851   3.9081213]
 [-8.769048  11.000875 ]
 [14.85852    3.528062 ]
 [12.369557  10.495531 ]
 [14.647963   3.4465256]
 [12.989164  10.261728 ]
 [14.7320385  3.1288884]
 [-8.967235  11.548427 ]
 [15.054863   3.9795098]
 [-8.603021  11.731852 ]]"
concentration curls,"[[ 11.598669   -2.3559675]
 [ 11.529957  -12.556421 ]
 [  8.59152    -1.3650917]
 [ 11.375134  -12.961859 ]
 [ 12.130574   -3.77285  ]
 [ 11.147485  -12.651927 ]
 [ 10.358204   -1.5611722]
 [  9.497166  -12.938697 ]
 [ 10.967375   -1.7287599]
 [ 10.644524  -12.478652 ]
 [  8.385975   -1.0693992]
 [ 10.779284  -13.20703  ]
 [ 11.88347    -3.384361 ]
 [ 11.34847    -2.7172346]
 [  7.9673185  -1.3062754]
 [ 11.187611   -1.9881011]
 [ 11.621809   -3.7246428]
 [ 10.181151  -12.864006 ]
 [  8.194144   -1.6503006]
 [  9.959321  -13.171072 ]]"
crunches,"[[14.458273   -0.979141  ]
 [-1.1428899  12.262972  ]
 [14.431614   -0.4742948 ]
 [-0.5091679  12.055565  ]
 [15.837985   -0.92203   ]
 [-2.8339977  12.878031  ]
 [15.139655   -1.0298499 ]
 [-1.3868353  12.519703  ]
 [15.540175    0.04692708]
 [-0.15910107 11.754844  ]
 [15.663727   -0.47740108]
 [ 0.4578164  11.619944  ]
 [ 0.8725075  11.903175  ]
 [-3.6272702  12.764202  ]
 [ 0.41821948 12.041154  ]
 [-3.3477523  13.08544   ]
 [15.039258    0.09250943]
 [-3.4117806  13.607393  ]
 [15.113798   -0.3847696 ]
 [-3.7832556  13.327704  ]]"
curls,"[[10.600218  20.288315 ]
 [13.019694  15.501437 ]
 [ 8.063765   3.592899 ]
 [13.305156  15.195649 ]
 [10.343192  19.856636 ]
 [13.927098  15.406385 ]
 [ 8.464448   3.827376 ]
 [13.562795  16.076    ]
 [ 9.350326  20.123451 ]
 [13.719021  15.793374 ]
 [ 7.632009   3.8312356]
 [14.040413  15.838627 ]
 [10.226302  20.58351  ]
 [ 9.286789  20.713617 ]
 [ 7.857883   4.215259 ]
 [ 8.972657  20.50369  ]
 [ 9.938599  20.228214 ]
 [11.188885  19.319212 ]
 [ 7.539425   4.195771 ]
 [10.913482  19.640707 ]]"
deadlifts,"[[  6.9327664  12.870726 ]
 [  9.547418   13.842161 ]
 [-11.364711    6.8786716]
 [  9.952685   13.534621 ]
 [  7.1582994  13.293403 ]
 [  9.641838   13.011805 ]
 [-11.833693    7.186596 ]
 [  9.777317   12.532443 ]
 [  5.755526   13.628845 ]
 [ 10.450741   12.587322 ]
 [-12.067446    6.7998066]
 [ 10.196162   12.925976 ]
 [  6.460342   13.277154 ]
 [  5.9233317  13.074326 ]
 [-11.754558    6.6798105]
 [  5.625532   13.304224 ]
 [  6.577891   12.734353 ]
 [  8.502688   12.93096  ]
 [-11.502452    7.3451257]
 [  7.8051124  13.0183935]]"
decline pushup,"[[21.37683    7.537333 ]
 [20.375122  10.961041 ]
 [20.32117    8.613751 ]
 [20.857515  10.645051 ]
 [-9.86855   14.470616 ]
 [20.779442  11.233558 ]
 [20.96165    8.359094 ]
 [20.427181  11.459649 ]
 [-9.483994  14.273868 ]
 [20.429802  10.32209  ]
 [-9.946904  14.131236 ]
 [20.33618    9.752299 ]
 [-8.415623  13.420409 ]
 [21.307772   7.9902267]
 [-8.590678  13.586665 ]
 [21.64112    7.9842753]
 [-8.613179  13.940166 ]
 [20.116842   9.19619  ]
 [-9.037201  13.942035 ]
 [20.536917   9.044678 ]]"
diamond pushup on bench,"[[ 5.3155756   0.25290585]
 [ 1.0972567  -2.2888277 ]
 [ 3.3925164  -0.93730944]
 [ 1.5409695  -2.092211  ]
 [ 6.3226776   0.4482978 ]
 [ 1.3600711  -2.9396176 ]
 [ 4.546559    0.09500542]
 [ 1.5161408  -2.6733763 ]
 [ 7.4683757   0.54781604]
 [ 2.1289942  -1.9917843 ]
 [ 6.88684     0.5377581 ]
 [ 2.481451   -1.6351897 ]
 [ 8.47242     0.7293253 ]
 [ 3.9601898   0.03881424]
 [ 8.534659    0.9499738 ]
 [ 4.134414   -0.46891835]
 [ 8.099177    0.9408524 ]
 [ 3.375681   -1.4755061 ]
 [ 7.825378    0.7564687 ]
 [ 2.917538   -1.1592885 ]]"
diamond pushup,"[[ 9.734502   -4.135436  ]
 [ 9.726467   -7.2105875 ]
 [ 9.611145   -5.9219875 ]
 [ 9.7551565  -6.7510924 ]
 [10.154101   -3.9712124 ]
 [ 8.555447   -9.898674  ]
 [ 9.738783   -4.565092  ]
 [ 8.361062   -9.725443  ]
 [10.00712    -0.87780696]
 [10.107132   -7.3865194 ]
 [ 9.912604   -1.4079982 ]
 [ 9.395566   -7.6785097 ]
 [ 9.828218    0.40497115]
 [ 8.414475   -8.628176  ]
 [10.196192    0.14657429]
 [ 7.910845   -8.594327  ]
 [ 9.688742   -0.07312613]
 [ 8.181292   -9.051092  ]
 [ 9.803263   -0.4563408 ]
 [ 8.609203   -8.953979  ]]"
dive bomber pushup,"[[15.062874   11.764851  ]
 [-5.133677   -1.908917  ]
 [-6.78567    -0.25747207]
 [-5.5448523  -1.6421114 ]
 [14.78131    12.217787  ]
 [-5.292311   -2.8318298 ]
 [-6.830386   -0.7300124 ]
 [-5.643682   -2.677064  ]
 [14.238816   11.833973  ]
 [-5.9031544  -0.369721  ]
 [14.749877   11.467815  ]
 [-6.1823025  -0.24933319]
 [13.442218   12.092823  ]
 [-5.7143826  -2.0560257 ]
 [13.741773   12.0345955 ]
 [-6.2017684  -2.0468154 ]
 [13.448937   12.504475  ]
 [-5.5179377  -1.1700824 ]
 [14.177021   12.340186  ]
 [-6.1146364  -1.099192  ]]"
dumbbell biceps curl seated (underhand grip),"[[ 6.825773   5.151153 ]
 [ 8.507268   5.8533134]
 [11.101377   5.8050027]
 [ 8.819614   6.2164454]
 [ 5.950097   5.0243063]
 [11.885921   5.7142   ]
 [12.600429   5.7427893]
 [12.1310835  5.3245287]
 [ 7.2558846  5.5367713]
 [13.586956   5.219462 ]
 [10.024949   6.030699 ]
 [13.915687   5.320413 ]
 [ 6.05931    4.713088 ]
 [14.584725   5.536212 ]
 [ 9.519962   6.3904514]
 [14.848523   5.729613 ]
 [ 6.3023224  5.0433507]
 [14.441893   5.106298 ]
 [ 9.462335   5.9863153]
 [14.082151   5.700624 ]]"
dumbbell biceps curl seated,"[[ -1.8153718   1.5556759]
 [ -2.2098608   6.8839397]
 [ -2.6401722   8.329438 ]
 [ -2.1326053   7.242515 ]
 [ -1.5300394   0.7507897]
 [ 15.714995  -19.507996 ]
 [ -2.376448    8.7080765]
 [ 16.380877  -19.497189 ]
 [ -2.2790813   1.6274298]
 [ 16.070807  -19.168537 ]
 [ -1.844735    8.251934 ]
 [ 15.243243  -19.683916 ]
 [ -1.5974851   1.1551899]
 [ 14.901998  -18.492285 ]
 [ -2.4528518   7.8934674]
 [ 14.644818  -18.84425  ]
 [ -1.9881952   1.0766786]
 [ 15.445669  -18.887173 ]
 [ -2.110969    7.8969955]
 [ 15.086412  -19.166904 ]]"
dumbbell biceps curl,"[[  4.3629036   -3.3472443 ]
 [  4.7680206   -3.0277321 ]
 [ -9.832842    17.207287  ]
 [  4.392159    -2.7477667 ]
 [  4.6308217   -2.6940184 ]
 [  6.535677    -1.3833733 ]
 [-10.431698    16.388771  ]
 [  5.944043    -1.7398994 ]
 [  6.358514    -1.6966124 ]
 [ -8.465236    16.828913  ]
 [ -9.275809    17.024616  ]
 [ -8.8667345   17.279928  ]
 [  6.7974544   -0.80606765]
 [ -7.167749    16.274826  ]
 [-10.335469    16.79763   ]
 [ -7.496119    16.446384  ]
 [  6.257776    -0.9212413 ]
 [ -7.8190017   16.183596  ]
 [ -9.695906    16.762554  ]
 [ -7.5874248   15.949848  ]]"
dumbbell calf jump,"[[17.421434  11.862534 ]
 [15.727871  12.748249 ]
 [16.510035   9.627736 ]
 [15.499015  12.467495 ]
 [17.081022  11.967157 ]
 [-1.8802364 -6.3247714]
 [15.9973345 10.3279   ]
 [-2.1822271 -6.7035837]
 [16.422968  12.507919 ]
 [-2.409826  -5.996415 ]
 [16.10448   11.657442 ]
 [-2.502371  -6.4374747]
 [16.715418  12.363804 ]
 [-3.514452  -7.0290017]
 [16.613708  11.209826 ]
 [-3.668027  -6.5941014]
 [17.092543  11.359411 ]
 [-3.1320095 -6.62394  ]
 [16.266258   9.983078 ]
 [-3.225486  -6.2168417]]"
dumbbell calf raise,"[[ 5.576589    0.45815557]
 [ 6.280861    1.2862434 ]
 [ 6.176292    0.8535786 ]
 [ 5.878215    1.5783496 ]
 [ 5.882088    2.2109165 ]
 [ 2.9049022   9.602923  ]
 [ 3.8839777   8.830738  ]
 [ 3.2582655   9.3698635 ]
 [ 5.8251667   0.19985852]
 [-1.6938263   7.399814  ]
 [ 5.6128716   1.0835063 ]
 [-2.1047559   7.2475023 ]
 [ 4.04877     7.3736014 ]
 [-2.6558156   8.377625  ]
 [ 3.7376697   8.303694  ]
 [-2.3075843   8.193873  ]
 [ 3.8555183   7.7877088 ]
 [-1.788622    7.91629   ]
 [ 3.3431616   8.876202  ]
 [-2.2202215   7.652386  ]]"
dumbbell floor chest press,"[[-1.2623156   1.1521274 ]
 [ 5.0099573   3.643169  ]
 [-1.4011474   1.0037452 ]
 [ 3.6351843   3.9085355 ]
 [-1.0256568   1.422169  ]
 [ 0.1970151   3.3222306 ]
 [-1.5542494   0.7549678 ]
 [-0.01653399  2.7098005 ]
 [-0.17889905  1.9936223 ]
 [ 5.63307     3.4202373 ]
 [ 0.3077474   2.2754204 ]
 [ 4.9133706   3.980871  ]
 [ 3.1071072   3.835563  ]
 [ 5.8543816   3.5231125 ]
 [ 4.257569    3.9099984 ]
 [ 5.641862    3.8423953 ]
 [ 1.5256683   3.2524652 ]
 [ 1.1144514   3.31887   ]
 [ 2.3467796   3.7040179 ]
 [ 0.7075426   2.8511238 ]]"
dumbbell flys,"[[12.523601  11.784425 ]
 [10.851302  10.3413105]
 [12.103502  11.425737 ]
 [ 9.859964  10.144557 ]
 [13.072797  11.677622 ]
 [ 9.028563  10.773777 ]
 [11.5584955 11.224262 ]
 [ 9.2791395 10.525669 ]
 [14.7205925 10.6138525]
 [10.3789835 10.285521 ]
 [14.509154  11.015484 ]
 [ 9.964936  10.68621  ]
 [15.564863  10.153495 ]
 [12.002956  11.920224 ]
 [15.32047   10.700404 ]
 [11.408149  11.762263 ]
 [15.727244  10.4434395]
 [10.516217  10.904691 ]
 [15.047893  10.247994 ]
 [ 9.693167  11.002755 ]]"
dumbbell lateral raise with arms bent,"[[12.992915   -5.1842437 ]
 [11.557055   -4.8407235 ]
 [ 1.8764093   7.269837  ]
 [11.910015   -4.696645  ]
 [12.687239   -5.606301  ]
 [ 1.0741466   7.896026  ]
 [ 1.5646551   8.303453  ]
 [ 0.8430342   8.252977  ]
 [12.403843   -5.1484585 ]
 [ 1.2710783   8.802059  ]
 [ 1.9334788   6.265744  ]
 [ 1.1348636   9.347858  ]
 [12.143899   -5.2494555 ]
 [ 1.4926568  10.815127  ]
 [ 1.7813365   6.764478  ]
 [ 0.93244165 10.7544985 ]
 [12.523061   -4.781371  ]
 [ 1.2922612  10.618147  ]
 [ 2.1703696   6.585391  ]
 [ 1.0454003  10.349139  ]]"
dumbbell lunges,"[[18.892836  24.717197 ]
 [ 9.49776   17.679    ]
 [19.809502  24.733597 ]
 [ 9.57397   17.370321 ]
 [18.883114  25.176361 ]
 [ 8.8972845 17.426193 ]
 [19.951643  24.118504 ]
 [ 9.1865425 16.699383 ]
 [18.81019   24.228907 ]
 [ 8.802797  17.02554  ]
 [19.591892  24.318321 ]
 [ 8.4212    16.862661 ]
 [18.158638  24.485315 ]
 [ 6.4667983 16.796055 ]
 [20.56596   24.262964 ]
 [ 6.69728   16.477531 ]
 [18.352634  24.639866 ]
 [ 7.4492655 16.747355 ]
 [20.277082  24.498121 ]
 [ 6.987778  16.910332 ]]"
dumbbell press,"[[ 2.9386008   5.5615478 ]
 [ 1.5267813  -2.7684531 ]
 [ 2.50894     5.8913784 ]
 [ 1.0723784  -2.5310557 ]
 [ 2.342741    5.083136  ]
 [-0.12773047 -3.9536848 ]
 [ 2.5048351   5.595925  ]
 [-0.23176159 -3.57735   ]
 [ 1.4074644   4.9355645 ]
 [ 1.0173423  -3.251714  ]
 [ 1.4828063   5.4733725 ]
 [ 0.41808063 -2.7449565 ]
 [ 0.9258014   4.267276  ]
 [ 1.6376982  -3.4037225 ]
 [ 0.6401904   4.964385  ]
 [ 1.8400145  -3.0914028 ]
 [ 0.628649    4.549779  ]
 [ 0.52875715 -3.1792538 ]
 [ 0.89973634  5.257918  ]
 [ 0.00710319 -2.9321668 ]]"
dumbbell presses,"[[ 9.867128   -0.3174256 ]
 [11.756674   -2.4764366 ]
 [10.458166   -0.63693434]
 [12.027951   -2.814477  ]
 [10.166893   -0.25504574]
 [11.155207   -2.9426937 ]
 [10.086951   -0.88742614]
 [11.568042   -3.144348  ]
 [-4.376524   15.169476  ]
 [12.052571   -1.5005685 ]
 [-4.751692   14.997276  ]
 [11.831044   -1.8634497 ]
 [-3.3945646  14.702333  ]
 [-5.0445504  14.7377405 ]
 [-3.5954309  15.188041  ]
 [10.748167   -1.3727546 ]
 [-3.747367   14.459691  ]
 [11.581004   -1.2458091 ]
 [-3.885537   14.880498  ]
 [11.193914   -1.8673314 ]]"
dumbbell pullovers,"[[18.488552   -3.284295  ]
 [17.777683   -2.9237604 ]
 [18.597929   -2.9884572 ]
 [17.084318   -2.9838035 ]
 [17.448141   -4.1436076 ]
 [15.789841   -5.3188224 ]
 [17.675894   -3.9712965 ]
 [16.025475   -5.7647777 ]
 [-0.20720932  5.234196  ]
 [16.525522   -3.3862803 ]
 [-0.03830581  5.5605865 ]
 [16.201357   -4.580076  ]
 [ 1.1475656   5.2883663 ]
 [17.369143   -3.3554456 ]
 [ 0.7025638   5.496988  ]
 [16.741596   -3.860663  ]
 [ 0.70831424  5.018374  ]
 [15.350642   -5.6454077 ]
 [ 0.26562     5.170399  ]
 [15.616878   -6.097099  ]]"
dumbbell pushup,"[[5.9139795  0.19631344]
 [9.901256   4.2380996 ]
 [5.568775   0.56235373]
 [9.910951   4.4632735 ]
 [5.5868106  0.02814659]
 [9.455892   2.7503848 ]
 [5.416071   1.0231464 ]
 [9.688847   3.1232057 ]
 [5.9572377  0.8666564 ]
 [8.913834   4.198135  ]
 [5.7369957  1.5295111 ]
 [9.301368   4.220662  ]
 [6.7962294  2.4286132 ]
 [8.151396   3.0066674 ]
 [7.5839677  2.3945742 ]
 [8.551906   2.6271265 ]
 [6.195944   1.9068557 ]
 [8.777405   3.2019305 ]
 [6.7251496  2.0797002 ]
 [9.035468   3.5660346 ]]"
dumbbell rear deltoid raises,"[[19.749846  10.274751 ]
 [ 8.547297   4.2589717]
 [19.83334   11.069187 ]
 [ 8.908173   4.0330677]
 [19.83878    8.608506 ]
 [10.256305   2.2001317]
 [20.156076  11.3340025]
 [ 9.776626   2.2259035]
 [19.65065    9.056126 ]
 [ 8.1952095  3.7741904]
 [19.921186   9.423669 ]
 [ 8.61009    3.6108983]
 [20.132362  10.107222 ]
 [10.558428   2.7791593]
 [20.58571   10.511574 ]
 [10.07112    2.7719545]
 [20.580515   9.936425 ]
 [ 9.05806    2.897052 ]
 [20.370605  11.021868 ]
 [ 8.624864   3.0353575]]"
dumbbell row kickback,"[[ 9.550914  14.402979 ]
 [ 7.203968  13.320908 ]
 [ 7.0011654 12.916621 ]
 [ 6.526596  13.147936 ]
 [12.216711  14.118475 ]
 [ 3.032392  10.8200655]
 [ 9.704578  14.997666 ]
 [ 3.3342123 10.498043 ]
 [11.916767  14.416068 ]
 [ 3.431281  11.280552 ]
 [11.071885  14.64081  ]
 [ 3.7518368 10.85021  ]
 [11.504863  14.415851 ]
 [ 4.428587   9.467706 ]
 [10.427449  14.924707 ]
 [ 4.134959   9.7631855]
 [11.742349  14.773095 ]
 [ 3.6695871  9.958222 ]
 [10.076024  14.697027 ]
 [ 3.512171   9.610663 ]]"
dumbbell scarecrow,"[[ 3.1023343   1.0895183 ]
 [ 0.4338318  -1.2869363 ]
 [-1.0377234  -1.3890328 ]
 [ 0.7204374  -0.9184017 ]
 [ 3.5096583   1.1591963 ]
 [ 1.2863128  -0.5569523 ]
 [-3.4025393  -1.3379371 ]
 [ 2.4792864   0.4648074 ]
 [ 3.3150268   1.6075965 ]
 [-3.7841733  -1.496459  ]
 [-0.07191579 -1.5591284 ]
 [-4.1206617  -1.2568032 ]
 [ 3.9273648   1.2575315 ]
 [-5.4516273  -1.390489  ]
 [-0.5947205  -1.5873742 ]
 [-5.451764   -0.99921846]
 [ 3.6763852   1.5083364 ]
 [-4.601738   -1.0075526 ]
 [-0.3840648  -1.2187657 ]
 [-5.0117393  -1.2070578 ]]"
dumbbell shoulder press,"[[ 4.7554083  -1.95153   ]
 [ 5.5697293  -5.7111115 ]
 [ 5.530937   -5.2299805 ]
 [ 5.826005   -5.8561068 ]
 [ 4.740195   -1.44126   ]
 [ 5.0527115  -2.3517742 ]
 [ 5.6050887  -6.17876   ]
 [ 4.8488646  -2.680264  ]
 [ 4.3644934  -2.3539264 ]
 [ 1.3074385  26.816877  ]
 [ 5.2266355  -4.727485  ]
 [ 0.8689842  26.693024  ]
 [ 4.8586645  -1.2574295 ]
 [ 0.37709603 27.40755   ]
 [ 5.006966   -4.1276865 ]
 [ 0.26121178 27.084467  ]
 [ 5.174622   -1.1180292 ]
 [ 1.2311842  27.322409  ]
 [ 5.01155    -3.8123603 ]
 [ 0.9488166  27.098246  ]]"
dumbbell shrugs,"[[-3.2774167 -2.676181 ]
 [ 8.508353  -5.3764167]
 [-8.924749   7.6634994]
 [ 8.708215  -5.170266 ]
 [-2.933885  -2.2394028]
 [ 7.981634  -4.8928614]
 [-9.288411   7.8295836]
 [ 8.213226  -4.5042577]
 [-3.0858934 -3.1255984]
 [ 8.598829  -4.605257 ]
 [-9.48858    7.2702174]
 [ 8.526374  -4.1638985]
 [-2.591682  -3.218923 ]
 [-2.1913514 -2.1829095]
 [-9.206691   6.8933225]
 [-2.4310012 -1.8774544]
 [-3.227915  -3.2945461]
 [-1.7831253 -1.4793243]
 [-8.961755   7.1607876]
 [-1.6917272 -1.8853489]]"
dumbbell side bends,"[[27.743418   15.650131  ]
 [ 9.147187    7.903593  ]
 [-7.2728004  -0.7028174 ]
 [ 8.701129    8.039229  ]
 [27.67037    16.137808  ]
 [ 9.534365    8.6031275 ]
 [-7.6588807  -1.023174  ]
 [ 8.713352    8.661103  ]
 [26.33915    15.384542  ]
 [ 8.869419    8.962824  ]
 [-7.699744   -0.10282345]
 [ 9.305764    8.7093525 ]
 [26.97544    15.614627  ]
 [27.228817   15.825117  ]
 [-7.7297273  -0.4749554 ]
 [26.766628   15.178973  ]
 [27.314472   15.181048  ]
 [27.90475    17.12829   ]
 [-7.9804807  -0.43161622]
 [27.62959    16.724537  ]]"
dumbbell side lunge,"[[12.730869    1.074416  ]
 [16.278576    1.2045845 ]
 [15.014073    2.1428783 ]
 [15.970926    0.85503715]
 [13.184027    0.73346895]
 [-7.371745    0.71262556]
 [15.439227    2.1935565 ]
 [-6.8124285   0.52130204]
 [13.806323    0.8511056 ]
 [-7.7434783   0.3687418 ]
 [15.398665    1.6725554 ]
 [-7.2463      0.25290433]
 [12.77396     0.44053394]
 [-5.917432   -0.37089115]
 [15.838968    1.5112449 ]
 [-5.9992046   0.0875466 ]
 [12.626316    0.54508185]
 [-6.695867   -0.37982032]
 [15.390511    1.1736002 ]
 [-6.376915   -0.22136848]]"
dumbbell squats,"[[  1.6069098   17.005676  ]
 [ -6.5525427   11.631921  ]
 [ 19.13398    -22.465004  ]
 [ -6.324339    11.431729  ]
 [  1.8129411   16.309319  ]
 [ -5.590696    11.717684  ]
 [ 18.657167   -22.272823  ]
 [ -5.8727875   12.380234  ]
 [  0.98304236  16.631392  ]
 [ -6.152897    12.204551  ]
 [ 18.998758   -22.98368   ]
 [ -5.9510183   11.991843  ]
 [  1.90294     16.60902   ]
 [  0.67107666  17.3824    ]
 [ 18.54018    -23.103712  ]
 [  0.7377348   16.899647  ]
 [  1.142811    17.253237  ]
 [  2.616262    16.650364  ]
 [ 18.693338   -22.73516   ]
 [  2.3942425   16.304728  ]]"
dumbbell triceps extension,"[[18.340458  -3.4879534]
 [18.034018   4.18648  ]
 [18.56964   -3.0129752]
 [17.38479    3.2935064]
 [17.853107  -3.126065 ]
 [16.984829   4.87479  ]
 [17.981817  -3.6518352]
 [16.971533   4.4867554]
 [ 2.5518517 -7.913844 ]
 [18.416853   4.5070577]
 [ 2.8400102 -8.273043 ]
 [17.779491   3.6033416]
 [ 1.7850268 -8.785416 ]
 [19.020542  -3.1323223]
 [ 2.047806  -8.216695 ]
 [18.793373  -3.3759453]
 [ 2.162245  -8.7548685]
 [17.92305    4.613724 ]
 [ 2.3630364 -8.750313 ]
 [17.504671   4.0826063]]"
dumbbell wrist twist,"[[12.775119   21.150545  ]
 [12.453102   21.686968  ]
 [ 3.0391903   0.27728155]
 [12.074655   21.693008  ]
 [12.112901   21.186796  ]
 [ 3.127614   -1.33975   ]
 [ 3.164497    0.7717362 ]
 [ 3.4661813  -0.98293024]
 [13.109121   21.670052  ]
 [ 3.6001663   0.919858  ]
 [ 3.4047759  -1.421545  ]
 [ 3.6878264   1.4653088 ]
 [13.427567   21.274796  ]
 [ 5.4397664   4.920324  ]
 [ 2.9573536  -0.31021643]
 [ 5.66282     4.672     ]
 [13.190467   20.867416  ]
 [ 5.50436     4.2596874 ]
 [ 2.8859253  -0.9516196 ]
 [ 5.1892734   4.4912915 ]]"
dumbbells bent over row,"[[ -4.3151526    0.37298602]
 [ -4.0373664    0.73183924]
 [ -3.1647809    0.1905548 ]
 [ -3.5082355    0.6534256 ]
 [-12.725884    -6.5814705 ]
 [  0.54386353  -0.38081932]
 [ -3.7384377    0.09190512]
 [  0.5258006    0.01492524]
 [-11.552138    -5.537594  ]
 [ -2.9439359    0.5749285 ]
 [-11.457002    -5.8917856 ]
 [ -2.5405633    0.8726992 ]
 [-11.221396    -6.0985613 ]
 [ -0.51771235  -0.12882844]
 [-12.06574     -6.7265005 ]
 [ -0.47354385   0.2541165 ]
 [-11.667745    -6.204013  ]
 [  0.1331673    0.13226505]
 [-12.289741    -6.463483  ]
 [  0.07956984  -0.2483771 ]]"
flat bench lying leg raise,"[[20.526266   22.232553  ]
 [21.101007   19.72986   ]
 [20.715992   21.941366  ]
 [20.73236    19.825737  ]
 [21.039198   21.34266   ]
 [21.223833   20.44805   ]
 [20.939894   20.948282  ]
 [20.663677   20.314903  ]
 [-1.701251   -2.4786022 ]
 [19.891293   18.898167  ]
 [-1.9345117  -2.2428157 ]
 [20.19635    19.312996  ]
 [-0.99236166 -1.5840933 ]
 [18.732702   17.463356  ]
 [-1.239962   -1.8719326 ]
 [19.168194   17.2991    ]
 [-1.7290249  -1.4787765 ]
 [19.282639   17.615868  ]
 [-1.8182877  -1.909442  ]
 [19.21084    18.02743   ]]"
front raises,"[[15.166178   4.7603416]
 [11.050398   6.6916895]
 [-8.080404  -6.519196 ]
 [11.4354315  7.022878 ]
 [16.056063   3.2538674]
 [11.873004   7.534423 ]
 [-7.944413  -6.1757298]
 [11.2117195  7.4860444]
 [15.740548   3.8001778]
 [11.524536   7.670547 ]
 [-7.9771557 -6.99447  ]
 [12.058662   7.2780437]
 [14.952316   4.2547197]
 [16.377995   3.5805855]
 [-7.557739  -6.8964114]
 [16.086634   3.976061 ]
 [15.413069   4.314779 ]
 [14.860552   5.1976914]
 [-7.539273  -6.533794 ]
 [14.455426   4.974998 ]]"
front squats,"[[  4.0026913  11.22071  ]
 [-11.708002   -3.9741256]
 [  6.025624   -3.673573 ]
 [-12.111599   -4.377922 ]
 [  5.215917   11.960853 ]
 [-11.928929   -4.1953487]
 [  5.477132   11.684769 ]
 [-11.448194   -3.7146933]
 [  4.6503444  11.038529 ]
 [  2.5653558   9.934973 ]
 [  6.397387   -3.971345 ]
 [  2.1556783  10.187988 ]
 [  3.5193017  11.126776 ]
 [  4.432815   11.71498  ]
 [  6.0474358  -4.181766 ]
 [  4.811259   11.511089 ]
 [  3.414297   10.678546 ]
 [  2.2994502  10.608957 ]
 [  5.9071164  -4.073078 ]
 [  2.6919155  10.609002 ]]"
front weighted raise,"[[-3.4222014 18.62827  ]
 [-4.0046434 17.116322 ]
 [ 8.570521   3.9226284]
 [-3.7102818 17.104746 ]
 [-3.6265366 17.237938 ]
 [-2.0222569 18.892176 ]
 [ 9.486888   4.718168 ]
 [-2.114042  18.515657 ]
 [-2.899827  18.718538 ]
 [ 8.3432045  3.240451 ]
 [ 9.3782015  4.242368 ]
 [ 8.104776   2.8554807]
 [-3.4909136 18.2228   ]
 [ 7.2159305  1.8161774]
 [ 8.857318   4.2275863]
 [ 7.5636015  1.6081855]
 [-3.0076587 18.224323 ]
 [ 7.0113606  1.338534 ]
 [ 9.163203   3.763819 ]
 [ 7.4543877  1.2291956]]"
good morning,"[[14.390687  -3.2149575]
 [12.683953  -2.008737 ]
 [13.88131   -3.1919856]
 [12.176569  -1.9401431]
 [18.801144  -5.4634776]
 [12.727761  -1.7353344]
 [13.613231  -2.7833369]
 [12.974902  -2.356211 ]
 [17.497515  -5.7584815]
 [-8.974858   6.764707 ]
 [17.616081  -5.2991514]
 [-9.314735   6.7809143]
 [18.093876  -5.890784 ]
 [-9.614379   7.969451 ]
 [18.456627  -5.101791 ]
 [-9.200602   7.85471  ]
 [18.35738   -5.620308 ]
 [-9.525153   7.394637 ]
 [17.961847  -4.9739914]
 [-9.001285   7.346588 ]]"
hack squats,"[[ 4.128593   -2.367541  ]
 [ 4.2868333  -0.31625217]
 [ 4.575729   -1.6881108 ]
 [ 4.7075167  -0.539672  ]
 [ 3.9837532  -2.0169973 ]
 [ 4.0718164   0.02884498]
 [ 5.0065727   0.12260292]
 [ 4.45172    -0.03136417]
 [ 4.5342107  -2.1152513 ]
 [-0.73955023  7.4457707 ]
 [ 4.2898536  -1.353071  ]
 [-0.40005705  6.9386063 ]
 [ 0.18302573  5.899466  ]
 [-0.5624497   8.570426  ]
 [ 0.06101827  7.319657  ]
 [-0.2640378   8.591139  ]
 [ 4.858474    0.51196176]
 [ 0.1099226   8.057055  ]
 [-0.09003789  6.379584  ]
 [-0.3089649   7.8553166 ]]"
hammer grip standing,"[[ 6.269809   12.930613  ]
 [ 6.723474   12.380023  ]
 [ 3.6710224  10.426848  ]
 [ 6.3084407  11.471188  ]
 [ 5.06271    11.153038  ]
 [ 2.983419    9.52267   ]
 [ 3.2118385  10.241547  ]
 [ 2.6737173   9.836233  ]
 [ 5.597517   11.66295   ]
 [ 2.126946    9.614344  ]
 [ 3.9906187  10.041173  ]
 [ 1.7501329   9.365579  ]
 [ 6.361406   12.585596  ]
 [-0.03519868  8.289349  ]
 [ 4.8443027  11.525322  ]
 [ 0.33901     8.406729  ]
 [ 6.182764   11.81517   ]
 [ 0.54955745  8.8476305 ]
 [ 4.308702   10.637612  ]
 [ 0.21777485  8.891368  ]]"
hanging leg raises,"[[ 11.052902     8.06869   ]
 [ -0.85983604  10.246669  ]
 [ -0.94873446   9.295697  ]
 [ -0.55724174   9.858641  ]
 [ 11.658176     7.805104  ]
 [ 12.124309     9.041879  ]
 [ -0.79882103   9.666367  ]
 [ 12.340039     8.717821  ]
 [ 10.81377      7.6981874 ]
 [-11.137617    -2.9805126 ]
 [ -0.37440732   9.021854  ]
 [-11.434352    -3.2174275 ]
 [ 11.678991     8.498993  ]
 [-10.459348    -3.5350618 ]
 [ 10.60588      8.460805  ]
 [-10.49276     -3.9600492 ]
 [ 11.959193     8.118075  ]
 [-10.923603    -3.4916542 ]
 [ 10.193563     8.02238   ]
 [-11.119834    -3.7572777 ]]"
hummer curls,"[[  2.9542477  16.39344  ]
 [ 14.633002    4.3627405]
 [-18.253794    2.8266222]
 [ 14.787382    3.8829045]
 [  3.241842   15.802758 ]
 [ 14.212834    3.9127245]
 [-18.125463    2.9550345]
 [ 13.86104     3.5939717]
 [  1.2127442  16.456236 ]
 [ 13.828283    4.176107 ]
 [-18.780714    2.2907488]
 [ 13.595903    3.8326998]
 [  1.7398787  16.740126 ]
 [  2.6925812  15.811876 ]
 [-18.577517    2.4902365]
 [  2.4203832  16.172207 ]
 [  1.6682342  16.343288 ]
 [  2.7495735  15.07936  ]
 [-18.978392    2.0936518]
 [  3.031442   15.078381 ]]"
incline bench sit-ups,"[[-4.708926   2.6860976]
 [15.643449   4.3886013]
 [-4.8913407  2.5034761]
 [15.493579   4.932232 ]
 [-4.1831217  3.2122927]
 [15.779703   5.4107604]
 [-4.4004407  2.995902 ]
 [15.892483   4.9467845]
 [14.080376  14.754777 ]
 [13.152825   2.370772 ]
 [14.2650385 14.400099 ]
 [13.698944   2.9259043]
 [15.154937  14.96136  ]
 [12.96014    2.1777606]
 [15.437559  14.609953 ]
 [13.346512   2.5639381]
 [14.895826  14.451689 ]
 [14.764309   3.9944239]
 [15.294503  14.264965 ]
 [14.429445   3.6317296]]"
incline presses,"[[  2.2697628    5.4701314 ]
 [-13.1921215    2.7590728 ]
 [  1.8096762    5.3997016 ]
 [-13.302134     3.179366  ]
 [  2.2789464    4.999467  ]
 [-13.648112     2.5841978 ]
 [  0.96940243   5.1346974 ]
 [-13.777636     3.0092475 ]
 [ -2.330117     4.8690734 ]
 [-12.127985     3.5164535 ]
 [ -2.1908658    4.454407  ]
 [-12.51702      3.3343027 ]
 [ -2.9673784    4.0134153 ]
 [  1.4806949    5.171506  ]
 [ -3.0626369    4.4885526 ]
 [  1.797749     4.875165  ]
 [ -3.6427386    3.8699381 ]
 [-12.046784     3.1003401 ]
 [ -3.4658241    4.1971397 ]
 [-12.368106     2.8256595 ]]"
incline pushup,"[[-8.766744  12.687861 ]
 [-6.7220416 15.07135  ]
 [-8.267963  12.413793 ]
 [-6.6377087 15.405488 ]
 [-8.33739   12.781472 ]
 [13.436245  -1.5528504]
 [-8.553553  12.176377 ]
 [12.563612  -2.1678736]
 [-7.7582517 14.132128 ]
 [13.064234  -1.1262703]
 [-8.073803  13.560814 ]
 [12.692206  -1.509628 ]
 [13.560803  -1.992319 ]
 [10.789899  -2.2202046]
 [13.260523  -2.0135648]
 [10.455979  -2.2920802]
 [-7.194598  15.020378 ]
 [11.007608  -1.7491287]
 [-7.2357163 15.432225 ]
 [10.422793  -1.8562837]]"
lat pull-downs,"[[ 12.110347   13.820901 ]
 [-12.933568    6.5384274]
 [ 12.409597   14.1505165]
 [-13.139374    6.095915 ]
 [ 12.500489   14.767624 ]
 [-13.479151    6.469782 ]
 [ 12.673482   15.786752 ]
 [-13.530137    6.2353544]
 [ 12.606153   13.439989 ]
 [ -5.557246   10.295939 ]
 [ 12.74571    13.921291 ]
 [ -5.6650386   9.907552 ]
 [ 12.532725   16.396103 ]
 [ -5.785893    9.129191 ]
 [ 13.257044   16.574957 ]
 [ -5.481053    9.082574 ]
 [ 12.996014   16.662685 ]
 [ -5.1740203   9.90677  ]
 [ 13.086973   16.113623 ]
 [ -5.3694153   9.551296 ]]"
lateral raises,"[[-2.02707    3.463832 ]
 [-1.4464635 15.918121 ]
 [-4.0572996 -3.9634802]
 [-1.3027289 16.346846 ]
 [-3.0701544  5.327697 ]
 [-1.9732107 16.004139 ]
 [-4.0593023 -4.418403 ]
 [-1.8059187 16.43008  ]
 [-1.4795645  2.672013 ]
 [-2.4955676 16.030146 ]
 [-3.8612638 -3.653965 ]
 [-2.365154  15.488459 ]
 [-1.9634147  2.4523253]
 [-1.4410195  2.1941366]
 [-3.401115  -3.7513938]
 [-1.6823703  1.8136144]
 [-2.0635977  2.9383385]
 [-2.8094752  5.6632056]
 [-3.5965507 -4.2023993]
 [-3.0580704  4.909249 ]]"
lateral weighted raise,"[[-5.1214375  -5.01409   ]
 [-4.511099   -5.2955933 ]
 [-1.2107986   5.9503174 ]
 [-4.220025   -5.6301126 ]
 [-4.2227597  -5.1537313 ]
 [-2.3410923   7.084635  ]
 [-0.7638091   5.5899997 ]
 [-0.6296515   4.8976483 ]
 [-5.659273   -5.003431  ]
 [-0.31061372  5.1984477 ]
 [-1.7810807   7.0368094 ]
 [ 0.19811326  4.988252  ]
 [-5.370745   -5.4459357 ]
 [ 1.9626364   4.2426963 ]
 [-2.1303904   6.519432  ]
 [ 1.8438097   3.7273803 ]
 [-5.2997994  -4.758009  ]
 [ 1.4331776   4.3229303 ]
 [-1.8909159   6.5921407 ]
 [ 1.6171657   4.016866  ]]"
leg extensions,"[[15.445102  -3.0852559]
 [14.973139  -3.7350366]
 [14.410383  -4.061561 ]
 [14.410509  -3.6945004]
 [16.668547  -2.9883685]
 [11.768328  10.397965 ]
 [14.786328  -3.2485044]
 [12.372117  11.773436 ]
 [16.178337  -3.1320977]
 [12.034068  10.620513 ]
 [15.6003475 -3.60245  ]
 [12.242477  11.2669525]
 [17.382626  -2.204723 ]
 [11.889625  12.232636 ]
 [17.758993  -2.778392 ]
 [11.689348  11.988281 ]
 [17.47189   -2.5025687]
 [11.608035  11.011166 ]
 [17.081     -2.7961962]
 [11.757245  11.44107  ]]"
leg raises,"[[ -4.9479275  12.458796 ]
 [ -9.196441    9.846751 ]
 [ -4.4496403  12.443841 ]
 [ -8.64486    10.384272 ]
 [ -4.684824   12.137675 ]
 [-10.432626   10.224908 ]
 [ -4.3567834  12.818647 ]
 [-10.3309145  10.037023 ]
 [ -5.7105393  11.288561 ]
 [ -7.5431323  10.182413 ]
 [ -5.359315   11.666852 ]
 [ -7.075434   10.573881 ]
 [ -8.032319    9.450281 ]
 [-10.175283   10.786898 ]
 [ -8.205107    9.602998 ]
 [ -9.750591   11.06216  ]
 [ -6.373543   10.722713 ]
 [ -9.712386   10.282657 ]
 [ -6.065997   10.808901 ]
 [ -9.3676     10.556627 ]]"
low pulley bent-over lateral raises,"[[ 0.11041144  3.6277347 ]
 [-9.076154   -0.8070003 ]
 [ 0.8198781   4.0215883 ]
 [-8.656296   -0.54230356]
 [ 0.31695136  3.3879745 ]
 [-8.895314    1.3090817 ]
 [ 2.218278    3.5459037 ]
 [-8.467064    1.3465806 ]
 [ 0.96083784  3.470044  ]
 [-9.042953   -0.05327197]
 [ 1.4182951   3.999841  ]
 [-9.220476   -0.5695509 ]
 [ 1.4015933   2.9973938 ]
 [-7.547491    0.5636578 ]
 [ 2.228469    4.0526466 ]
 [-8.334306    0.5433599 ]
 [ 0.849538    3.0453804 ]
 [-7.923883    0.83498883]
 [ 1.8435912   3.9294617 ]
 [-8.648474    0.7845583 ]]"
low pulley cable crossover,"[[ 0.16322395 11.132431  ]
 [-3.8975794  11.893536  ]
 [-4.349486   11.77042   ]
 [-4.0689154  11.497028  ]
 [-0.24084798 11.442174  ]
 [-7.6617756   7.807962  ]
 [-4.5716124  11.231244  ]
 [-7.5415306   7.484809  ]
 [-0.3926087  10.9825    ]
 [-8.2933035   6.933907  ]
 [-2.9807136  11.713397  ]
 [-7.9467206   7.2985916 ]
 [-1.1107898  11.089493  ]
 [-8.506628    5.7858233 ]
 [-1.4664913  11.416501  ]
 [-8.799466    5.6624417 ]
 [-0.80870056 11.440984  ]
 [-8.458414    6.296361  ]
 [-1.9493517  11.531133  ]
 [-8.848732    6.0864463 ]]"
low pulley curls,"[[ 22.184502   -4.732621 ]
 [  5.9059486 -10.968444 ]
 [ 20.235044   -3.5900795]
 [  5.6972585 -10.522773 ]
 [  5.3369617 -10.951145 ]
 [  7.311673   -9.021511 ]
 [  5.251015  -10.720137 ]
 [  7.614916   -8.692912 ]
 [ 22.28384    -4.0462813]
 [  8.019927   -9.056559 ]
 [ 20.411922   -3.1981785]
 [  8.238857   -8.684065 ]
 [ 21.867266   -4.7384925]
 [  9.673692   -8.022097 ]
 [ 21.506598   -4.011258 ]
 [  9.664409   -8.436595 ]
 [ 21.981184   -4.271729 ]
 [  9.203682   -8.155984 ]
 [ 20.820086   -3.3069656]
 [  8.986219   -8.703295 ]]"
low pulley front raises,"[[ 7.489195   8.075599 ]
 [ 7.043056   9.198124 ]
 [ 8.37252    8.540084 ]
 [ 7.120682   9.658861 ]
 [ 6.582688   8.769006 ]
 [ 9.299435   6.7668433]
 [ 6.5518312  9.37532  ]
 [10.612259   6.4727883]
 [ 7.264904   8.360494 ]
 [10.7920065  6.0702543]
 [ 8.715852   7.960479 ]
 [11.239641   6.2163916]
 [ 8.456096   7.1761684]
 [12.545789   5.552795 ]
 [ 8.891447   7.2970934]
 [12.730189   5.7967086]
 [ 7.585238   8.750481 ]
 [11.971735   5.91778  ]
 [ 8.269591   7.811096 ]
 [12.451589   5.726118 ]]"
low-pulley lateral raises,"[[ 7.01397    20.90539   ]
 [-3.5686638   4.8561287 ]
 [-3.7476466   3.1637795 ]
 [-3.7068818   4.570065  ]
 [ 6.898772   21.193605  ]
 [-3.559757    2.4980657 ]
 [-3.1072025   3.0212576 ]
 [-3.592461    1.6399333 ]
 [ 7.820598   21.16316   ]
 [-3.446619    1.4891506 ]
 [-3.9966652   4.1176214 ]
 [-3.1321244   0.9913412 ]
 [ 7.4985733  20.837896  ]
 [-2.5656025   0.0865268 ]
 [-4.003087    3.6059027 ]
 [-2.0403008   0.05520215]
 [ 7.437777   21.269218  ]
 [-2.3941143  -0.31841615]
 [-3.5701363   3.7238042 ]
 [-2.2922182   0.3851849 ]]"
lying single arm pushup,"[[ 18.9046     11.291449 ]
 [ 20.36998    10.954687 ]
 [ 19.881033   10.782331 ]
 [ 22.806026   13.465583 ]
 [ 18.95182    10.594769 ]
 [ 22.38097    12.8065605]
 [ 19.194744   10.892978 ]
 [ 24.128479   14.083849 ]
 [ 18.160454   11.1855345]
 [ 23.953955   14.377566 ]
 [ 18.39358    10.8669405]
 [ 22.976469   12.889622 ]
 [-12.289629   19.611374 ]
 [ 23.531712   14.041039 ]
 [-12.579359   19.860508 ]
 [ 23.005295   13.9267845]
 [-12.076616   20.071962 ]
 [ 23.493368   13.501829 ]
 [-12.520163   20.24164  ]
 [ 22.393417   13.2412615]]"
medicine ball pushup,"[[ 6.804778    7.9383526 ]
 [13.658444    2.47622   ]
 [13.030926    3.2329507 ]
 [13.502364    2.9448807 ]
 [ 6.2658296   8.054794  ]
 [13.713518   -0.74654543]
 [13.070472    2.6788912 ]
 [13.316655   -0.6271366 ]
 [ 5.9715085   7.3689003 ]
 [13.971728    1.6310165 ]
 [ 6.2373705   7.6486373 ]
 [13.299494    1.2368381 ]
 [ 4.854889    6.4218893 ]
 [13.716962    1.24695   ]
 [ 5.227243    6.1653757 ]
 [13.859064    0.9122955 ]
 [ 5.267355    6.54549   ]
 [13.735732   -0.26414046]
 [ 5.556545    7.06468   ]
 [13.482504   -0.11515362]]"
military press behind the neck,"[[11.245194  -3.9071867]
 [ 8.54189   -4.1134496]
 [ 9.009744  -3.884917 ]
 [ 8.637505  -3.7264376]
 [12.163873  -4.164669 ]
 [11.827877  -3.3891525]
 [ 8.192834  -3.6957102]
 [ 9.326069  -2.9732091]
 [10.921503  -3.5262153]
 [ 8.010276   7.926563 ]
 [ 9.216146  -3.298336 ]
 [ 8.4043665  7.814591 ]
 [12.06749   -3.8212504]
 [ 8.537907   8.78061  ]
 [ 9.990501  -3.128599 ]
 [ 8.779377   9.052158 ]
 [11.660133  -3.9637458]
 [ 8.75838    8.367525 ]
 [ 9.582252  -2.7651227]
 [ 8.325584   8.441347 ]]"
modified pushup,"[[-4.446797    5.3168983 ]
 [ 1.770132   10.583039  ]
 [ 0.04955618  9.364315  ]
 [ 1.4289974  10.280068  ]
 [-4.833929    5.0311093 ]
 [ 3.0726874  11.820743  ]
 [-0.41387323  9.427881  ]
 [ 3.4946837  11.734458  ]
 [-5.9000645   4.400463  ]
 [ 2.3801734  10.448683  ]
 [-5.3552933   4.7087774 ]
 [ 2.331825   10.846362  ]
 [-7.2369256   4.0751157 ]
 [-0.98145807  9.0139675 ]
 [-6.99486     3.7703474 ]
 [-0.73830396  9.276385  ]
 [-7.437549    3.7196343 ]
 [ 3.329065   11.2714815 ]
 [-6.4845552   4.0478086 ]
 [ 2.993738   11.123194  ]]"
one arm reverse pushdown,"[[ 16.448967   -3.7809682]
 [-16.176094    4.484454 ]
 [-16.514912    3.8984394]
 [-16.628391    4.723714 ]
 [ 15.53507    -4.694798 ]
 [ -3.0557883  14.085584 ]
 [-16.41147     4.213942 ]
 [ -2.984978   14.506679 ]
 [ 15.803953   -4.426073 ]
 [ -3.2131743  14.559886 ]
 [-17.08981     2.7540922]
 [ -2.685486   14.950971 ]
 [ 16.405096   -3.824866 ]
 [ -1.6988618  15.066782 ]
 [-16.573238    2.9060361]
 [ -1.5227946  15.447072 ]
 [ 16.08894    -4.141056 ]
 [ -1.944276   15.661069 ]
 [-16.871984    3.1600707]
 [ -2.0280385  15.220387 ]]"
one arm side deadlift,"[[ 6.6904716 13.183912 ]
 [ 6.17881   11.266065 ]
 [ 5.195896  11.187852 ]
 [ 6.5434275 11.62627  ]
 [ 6.838829  13.377866 ]
 [-2.3949878  7.6650443]
 [-2.3200512  9.109045 ]
 [-2.810448   8.030246 ]
 [ 6.273534  12.206634 ]
 [-2.4070919  8.34555  ]
 [ 4.481299  11.465371 ]
 [-2.8369155  8.656994 ]
 [ 6.973863  12.697504 ]
 [-1.5466447  7.2508183]
 [ 4.6605577 11.111324 ]
 [-1.2111601  7.367781 ]
 [ 7.1730294 13.131147 ]
 [-1.5942631  7.8414617]
 [ 5.0200076 11.653907 ]
 [-1.9103376  7.7995696]]"
one-arm dumbbell rows,"[[-4.9706736  -0.41597408]
 [ 2.9238303   9.230819  ]
 [-4.4379997  -0.31013146]
 [ 2.5785022   8.9377575 ]
 [-5.3543615  -0.80719775]
 [-6.0385695  -1.1383978 ]
 [-4.3212667  -0.80743206]
 [-6.516733   -1.4530123 ]
 [-1.7779025  -6.494163  ]
 [ 2.4521496   9.563385  ]
 [-2.0270193  -6.057909  ]
 [ 2.275387    9.183791  ]
 [-2.293592   -6.7061768 ]
 [-6.4321117  -0.85399604]
 [-2.4839616  -6.297401  ]
 [-4.050645   -0.6677084 ]
 [-1.4004188  -6.489673  ]
 [-5.884941   -1.331213  ]
 [-1.9943439  -6.925796  ]
 [-6.1135697  -0.7242247 ]]"
one-arm dumbbell triceps extensions,"[[10.542598    2.1226716 ]
 [ 5.7130923   0.77990204]
 [ 8.2284775  -8.389629  ]
 [ 6.21701     0.9080803 ]
 [11.339357    3.0729089 ]
 [ 5.984252    0.4147532 ]
 [12.4049015   3.377209  ]
 [ 5.625694    0.36287567]
 [10.884146    2.547672  ]
 [ 7.2163124   1.2064601 ]
 [ 7.6119604  -8.178731  ]
 [ 7.6208816   1.4046764 ]
 [ 9.988132    2.0661354 ]
 [12.053891    3.2373917 ]
 [ 8.017005   -8.127726  ]
 [11.742144    3.4966924 ]
 [10.085058    2.4607081 ]
 [ 8.477942    1.5416301 ]
 [ 7.8904552  -8.645346  ]
 [ 8.926668    1.8241024 ]]"
one-leg toe raises,"[[ 7.5670342   6.0594826 ]
 [-0.4933113  -0.2325865 ]
 [ 4.2533216  15.816238  ]
 [-0.42882797 -0.6602884 ]
 [ 7.7547283   6.085061  ]
 [ 0.45890015 -0.99340826]
 [ 3.7751613  14.981587  ]
 [ 0.09109733 -0.93484336]
 [ 8.669954    6.293571  ]
 [ 0.61859035 -0.47780913]
 [ 4.809827   15.803293  ]
 [ 0.17517057 -0.446824  ]
 [ 8.622841    6.856765  ]
 [ 8.279971    6.0774736 ]
 [ 8.197834    7.187956  ]
 [ 4.841741   15.444837  ]
 [ 8.790326    6.5414886 ]
 [ 3.8626473  14.306344  ]
 [ 4.3212867  15.287941  ]
 [ 3.6935396  14.58695   ]]"
parallel bar dips,"[[14.045207  10.493979 ]
 [11.357822   9.288078 ]
 [13.051739  10.196901 ]
 [11.723297   9.667874 ]
 [13.624016  10.392526 ]
 [ 8.847712  10.150973 ]
 [10.529365   9.666028 ]
 [ 8.878897   9.780771 ]
 [12.34422   10.141664 ]
 [ 8.247922   9.586612 ]
 [11.043918   9.817312 ]
 [ 8.484038  10.041187 ]
 [10.0972     9.918231 ]
 [ 5.2129993  6.520595 ]
 [ 9.686223   9.719853 ]
 [ 5.4262123  6.734611 ]
 [13.8626175 10.022838 ]
 [ 5.782822   7.0910435]
 [13.107087  10.609948 ]
 [ 5.526435   6.8343844]]"
pec deck files,"[[ 7.853515    3.30108   ]
 [ 3.3484051  -0.6772096 ]
 [ 6.232754   -0.38015237]
 [ 3.7337873  -0.48080584]
 [ 6.8431387   2.9790528 ]
 [ 3.3049967  -0.19580062]
 [ 4.6916833  -0.26718652]
 [ 2.8397853  -0.40647396]
 [ 7.579292    3.631869  ]
 [ 1.1206199  -1.377266  ]
 [ 6.171487   -0.7293153 ]
 [ 1.0641174  -1.8028069 ]
 [ 7.2882934   2.8980052 ]
 [ 0.01461068 -1.9061129 ]
 [ 5.9526663   0.08643114]
 [ 0.20999035 -1.6442392 ]
 [ 7.2885985   3.2331283 ]
 [ 0.5860967  -1.2652305 ]
 [ 5.791362   -0.25563145]
 [ 0.6457275  -1.8481607 ]]"
pec deck rear-delt laterals,"[[  2.402684   13.395571 ]
 [  1.2423804  12.279083 ]
 [ 17.398455    8.372069 ]
 [  1.2172546  11.990845 ]
 [  1.6001744  11.716449 ]
 [  1.6975013  12.411974 ]
 [ 18.12005     9.027191 ]
 [  2.1779137  12.11756  ]
 [  2.755132   13.663601 ]
 [-19.213827    6.5535526]
 [ 17.252546    8.864959 ]
 [-18.861248    6.2862353]
 [  1.9716964  12.720993 ]
 [-18.666985    5.4856696]
 [ 17.999582    8.442176 ]
 [-18.499002    5.663057 ]
 [  2.581518   12.934158 ]
 [-19.228464    5.9097075]
 [ 17.644125    8.75392  ]
 [-18.583914    6.2639275]]"
power squats,"[[ 4.1034293   0.37738055]
 [13.41434     7.315307  ]
 [-2.8882127  -1.4180163 ]
 [13.127817    7.601064  ]
 [ 4.459788   -0.49879846]
 [13.825389    6.9099455 ]
 [-2.4872732  -2.238502  ]
 [13.545604    7.1820707 ]
 [ 4.401936    0.7848037 ]
 [16.76303     3.9030683 ]
 [-2.5673344  -1.5921633 ]
 [17.212702    3.747632  ]
 [ 4.007805    0.8775955 ]
 [ 4.0222135  -0.1664478 ]
 [-2.773882   -1.9499767 ]
 [ 3.8102868   0.4814887 ]
 [ 4.564136    0.06254347]
 [16.732586    3.3590426 ]
 [-3.1765983  -1.7965604 ]
 [16.940472    3.4758139 ]]"
preacher curls,"[[ 3.4962637   1.5389534 ]
 [ 3.3907428   1.0884159 ]
 [ 2.6300554   0.5653865 ]
 [ 2.6710784   0.9872987 ]
 [ 5.7500443   2.8215172 ]
 [ 1.0847666   0.6283986 ]
 [ 5.4463725   2.9664025 ]
 [ 0.8455526   0.85564506]
 [ 2.0018373   0.70511   ]
 [-0.22303995  1.6352031 ]
 [ 1.4189473   0.52376723]
 [-0.3977507   2.244048  ]
 [ 5.2483234   2.524702  ]
 [-1.4109825   2.8109365 ]
 [ 4.6198554   2.0131187 ]
 [-1.521975    2.6207786 ]
 [ 4.7856164   2.3782017 ]
 [-0.8166741   2.2705128 ]
 [ 3.9639506   1.5235857 ]
 [-0.853157    2.7325656 ]]"
push-downs,"[[ 8.794856   -0.23687945]
 [ 9.94596    -1.2902445 ]
 [ 9.463559   -0.49572814]
 [10.280598   -1.4328597 ]
 [10.72949    -1.428309  ]
 [ 1.7082884   8.444073  ]
 [10.515571   -1.1574656 ]
 [ 2.0179684   8.836045  ]
 [ 7.815505    0.31718886]
 [ 1.1772221   8.934785  ]
 [ 8.92077     0.15869425]
 [ 1.5678881   8.853848  ]
 [ 7.4762683  -0.58738744]
 [ 0.10104358 10.189301  ]
 [ 7.550834   -0.15947233]
 [ 0.5985376  10.192228  ]
 [ 8.018402   -0.2403017 ]
 [ 0.5195934   9.757253  ]
 [ 8.248582    0.19526692]
 [ 1.0164682   9.618743  ]]"
push-ups,"[[ 6.6033263 16.88684  ]
 [ 8.764129  18.767073 ]
 [ 5.360156  16.864998 ]
 [ 8.588267  19.096994 ]
 [ 6.191042  16.665514 ]
 [ 5.7209024 16.600134 ]
 [ 4.9771905 16.46577  ]
 [ 4.60382   16.7618   ]
 [ 3.4368858 16.78835  ]
 [ 8.073005  19.093468 ]
 [ 2.9755232 16.537828 ]
 [ 8.057616  18.522621 ]
 [ 1.8637475 16.096645 ]
 [ 7.579047  17.014856 ]
 [ 2.0444438 16.398722 ]
 [ 7.149391  17.303198 ]
 [ 2.397437  16.63515  ]
 [ 7.767947  17.794184 ]
 [ 2.3106463 16.095564 ]
 [ 7.871775  17.38441  ]]"
reverse chin ups,"[[ 9.902575  14.088963 ]
 [12.841226  12.390944 ]
 [12.596545  12.713789 ]
 [13.180881  12.710821 ]
 [ 9.453338  14.110401 ]
 [10.148534  15.196476 ]
 [12.19528   12.438884 ]
 [ 9.786578  15.139938 ]
 [ 9.881954  14.684484 ]
 [11.597083  -2.3149815]
 [12.026276  11.816723 ]
 [11.310727  -2.643566 ]
 [10.306566  13.788198 ]
 [10.404889  -2.15775  ]
 [12.251992  11.389628 ]
 [10.506586  -1.7913176]
 [ 9.448368  14.609745 ]
 [11.002821  -1.7784984]
 [12.561266  11.747608 ]
 [10.8870325 -2.1159544]]"
reverse curls,"[[ 2.341895   12.704266  ]
 [-1.6357143   8.535613  ]
 [ 4.6732616  13.166681  ]
 [-1.0895851   8.582663  ]
 [-0.18543199 11.863164  ]
 [-1.3970523   9.006496  ]
 [-0.17111087 12.426648  ]
 [-1.7880615   9.172102  ]
 [ 2.6415107  13.135492  ]
 [-1.3027408   9.741603  ]
 [ 4.9158087  13.523101  ]
 [-1.0694553   9.41258   ]
 [ 3.4158766  12.9191265 ]
 [-0.8664841  11.847818  ]
 [ 4.9952564  12.944385  ]
 [-0.6472489  12.0737915 ]
 [ 2.8632984  12.806238  ]
 [-0.8290752  10.861     ]
 [ 4.330022   13.187313  ]
 [-0.6329571  11.254932  ]]"
rotating t extension,"[[ 1.1439341e+01 -4.3353033e-01]
 [ 1.2394465e+01 -7.2766215e-01]
 [ 2.0331087e+01  8.0764055e+00]
 [ 1.1613639e+01  1.9296551e-01]
 [ 1.1990543e+01 -9.2385536e-01]
 [ 1.9488443e+01  6.8834319e+00]
 [ 2.0650808e+01  7.6083283e+00]
 [ 2.0606361e+01  7.1974931e+00]
 [ 8.5114374e+00  7.6211052e+00]
 [ 1.1958549e+01 -4.0143308e-01]
 [ 9.0251884e+00  7.6763182e+00]
 [ 1.1414765e+01 -1.7869878e-03]
 [ 8.5785570e+00  6.7571321e+00]
 [ 2.0092642e+01  7.0039930e+00]
 [ 9.5254660e+00  7.2619915e+00]
 [ 2.0000475e+01  7.4697757e+00]
 [ 8.8553743e+00  6.9593606e+00]
 [ 1.9778555e+01  8.1482258e+00]
 [ 9.0263758e+00  7.3372970e+00]
 [ 1.9799698e+01  7.6617479e+00]]"
russian twist,"[[  0.4106159    3.9597366 ]
 [ -9.631924    -6.7232485 ]
 [ -0.15954944   4.1853    ]
 [ -9.440552    -7.1434793 ]
 [  0.9338036    4.141516  ]
 [ -7.973814    -6.7647448 ]
 [  0.21946096   4.4379687 ]
 [ -8.196399    -7.2230983 ]
 [  0.8599027    4.665349  ]
 [-12.482644     3.890547  ]
 [  0.65162164   4.4981084 ]
 [-12.663586     3.4380834 ]
 [ -8.938985    -6.337047  ]
 [-12.008947     4.0192165 ]
 [ -9.004088    -7.200653  ]
 [-12.066584     3.607062  ]
 [-12.685083     2.8402658 ]
 [ -8.474559    -6.4327693 ]
 [-12.34127      3.0608668 ]
 [ -8.700086    -6.7871833 ]]"
seated bent over row,"[[ 2.6755948   3.1352952 ]
 [ 2.7227726  -1.0127224 ]
 [ 3.354592    1.9139239 ]
 [ 3.0243952  -0.5711795 ]
 [ 2.3190966   3.2475734 ]
 [ 4.703254   -2.5264647 ]
 [ 3.2266138   0.93994266]
 [ 4.3902783  -2.963236  ]
 [ 2.964302    1.6744033 ]
 [ 3.2402391  -1.7136768 ]
 [ 2.9286284   0.0965252 ]
 [ 3.3479836  -1.2971442 ]
 [ 2.7353656   2.5037835 ]
 [ 4.909787   -3.0653262 ]
 [ 3.6768014   1.6369328 ]
 [ 4.660172   -3.3952956 ]
 [ 2.356673    2.7153385 ]
 [ 3.805633   -2.1409829 ]
 [ 3.6992052   2.2319176 ]
 [ 4.108776   -2.3515341 ]]"
seated calf raises,"[[12.969193  -0.4665041]
 [-3.430831  13.137322 ]
 [13.917155  -1.8836645]
 [-3.2201147 13.819402 ]
 [-3.881058  14.006615 ]
 [13.079379  -0.8651218]
 [-3.8775191 13.545058 ]
 [13.484153  -0.8154159]
 [13.467251  -0.2737739]
 [14.38841   -2.2898164]
 [13.572965  -1.3527147]
 [14.580804  -2.7691061]
 [-3.67948   13.936932 ]
 [15.481832  -2.801928 ]
 [-3.0002956 13.351336 ]
 [15.628535  -3.1960597]
 [-2.4696832 12.84659  ]
 [14.980476  -2.3935394]
 [-2.6440043 13.04534  ]
 [14.949935  -2.922674 ]]"
seated dumbbell front raise,"[[ 2.39165    -0.26545563]
 [ 2.3742936   0.36205864]
 [ 3.2941113   0.15929304]
 [ 2.7975428   0.05585508]
 [-2.655363    1.2234645 ]
 [ 3.5767918   0.7823149 ]
 [ 1.936555    0.20411429]
 [ 3.911705    0.921133  ]
 [-2.954039    1.1205943 ]
 [ 4.8589787   1.2156299 ]
 [-2.1741388   0.948086  ]
 [ 5.430294    1.2264733 ]
 [-4.135562    1.4218236 ]
 [ 5.960362    2.1319513 ]
 [-3.3845627   1.7896392 ]
 [ 6.296733    1.9359874 ]
 [-3.8786995   1.7639219 ]
 [ 5.7836847   1.4162704 ]
 [-3.6338582   1.3578601 ]
 [ 5.4891477   1.8243041 ]]"
seated dumbbell presses,"[[ 3.4983335 10.215377 ]
 [19.155468  14.1098995]
 [ 2.1417727 13.062348 ]
 [19.41283   14.529541 ]
 [ 3.8012185 10.605483 ]
 [18.782457  14.196694 ]
 [ 1.8229729 13.768523 ]
 [18.983128  14.625564 ]
 [ 3.200714  11.143928 ]
 [20.434721  13.084453 ]
 [ 2.1945498 13.299841 ]
 [20.091682  13.550116 ]
 [ 2.4275248 10.771363 ]
 [ 3.1156747 10.711538 ]
 [ 1.5819011 13.212755 ]
 [ 3.4340756 11.480406 ]
 [ 2.6514456 10.489504 ]
 [20.679707  13.310818 ]
 [ 1.3296361 13.563649 ]
 [20.57475   13.61151  ]]"
seated front presses,"[[14.236557  -6.493531 ]
 [-5.2285175 11.21074  ]
 [16.690493  -5.56236  ]
 [-4.948429  10.755157 ]
 [12.967153  -6.4099426]
 [-5.531181  10.710393 ]
 [16.54401   -5.027902 ]
 [-5.376544  10.585326 ]
 [14.259089  -6.918569 ]
 [-1.8657135 15.195595 ]
 [17.071375  -5.3929944]
 [-1.3846464 15.158091 ]
 [12.714266  -6.7286124]
 [13.24651   -6.8461366]
 [17.147501  -5.0169983]
 [13.658724  -6.494454 ]
 [12.491185  -6.318463 ]
 [-1.5788519 14.761065 ]
 [16.949589  -4.693368 ]
 [-1.2575277 14.903818 ]]"
seated jackknife,"[[  8.992058     0.84327286]
 [-11.170341     0.40617433]
 [  8.390459     0.43558624]
 [-11.276161     0.8152963 ]
 [  9.4473295    0.2234403 ]
 [ -7.200704     6.782729  ]
 [  8.460232     0.56877905]
 [ -6.8156304    5.6611624 ]
 [  9.417087    -0.22948128]
 [ -6.582911     6.5107093 ]
 [  8.989327     0.35470694]
 [ -6.661933     6.1545897 ]
 [ -6.037602     5.732682  ]
 [ -7.688163     6.44912   ]
 [ -5.9035935    6.100774  ]
 [ -7.280656     6.264986  ]
 [  9.45705     -1.0590966 ]
 [-10.715456     0.6703343 ]
 [  9.612439    -0.7331838 ]
 [-10.915071     0.8323984 ]]"
seated leg curls,"[[11.155102   7.3479395]
 [ 9.878133   7.2955894]
 [ 9.478799   7.8604593]
 [ 9.717062   7.612956 ]
 [12.346115   7.6171813]
 [13.719234  15.87822  ]
 [11.656369   7.577356 ]
 [13.416984  16.203146 ]
 [10.953569   7.6575513]
 [13.130758  16.868866 ]
 [10.224002   7.603339 ]
 [12.590744  16.966642 ]
 [13.264046   7.6247325]
 [12.731214  17.82055  ]
 [13.258085   7.989155 ]
 [12.418494  17.611416 ]
 [12.909677   8.1592   ]
 [12.94115   16.403933 ]
 [12.623523   7.9812875]
 [12.415177  16.636082 ]]"
seated rows,"[[ 8.6227865   4.487313  ]
 [ 9.646812    2.4539583 ]
 [ 8.336135    4.749305  ]
 [ 9.73343     1.9599926 ]
 [ 8.098619   -0.5140642 ]
 [ 8.758689    4.2948513 ]
 [ 8.250712   -0.70374185]
 [ 8.95956     4.0976434 ]
 [10.047215    2.500328  ]
 [ 1.7532762  15.721924  ]
 [ 9.609338    2.9530513 ]
 [ 2.0090418  14.748358  ]
 [ 7.6931667  -1.5974053 ]
 [ 1.6515788  15.099142  ]
 [ 8.126215   -1.666412  ]
 [ 1.519553   14.62092   ]
 [ 8.287106   -1.112027  ]
 [ 2.3833356  15.250682  ]
 [ 7.7990117  -1.0927049 ]
 [ 1.9878948  15.425992  ]]"
seated triceps extension,"[[10.103839   9.126428 ]
 [ 9.542021  10.410237 ]
 [12.736311   5.6425095]
 [ 9.337689  10.622975 ]
 [10.242882   8.674801 ]
 [12.104951   5.63286  ]
 [12.723327   6.071888 ]
 [12.138974   6.1348557]
 [10.608992   8.3916855]
 [ 2.7598512 -2.733817 ]
 [11.67409    6.4605365]
 [ 2.5709808 -3.063554 ]
 [ 8.981297  10.505123 ]
 [ 2.894249  -2.1830304]
 [12.759336   6.6540375]
 [ 2.7700284 -1.8880672]
 [ 9.116966  10.165147 ]
 [ 2.3631973 -2.3712585]
 [12.559965   7.086305 ]
 [ 2.293642  -2.8356478]]"
single arm pushup,"[[ 9.677306   6.3289375]
 [ 7.628803   5.236085 ]
 [ 9.39286    6.1056776]
 [ 8.731204   5.561139 ]
 [ 9.822464   6.518912 ]
 [ 6.39004    3.299424 ]
 [-8.933551  16.795563 ]
 [ 9.063042   5.8075156]
 [-9.241598  17.21663  ]
 [ 7.446962   4.934884 ]
 [-8.759902  17.198555 ]
 [ 8.279296   5.3884473]
 [-9.788034  17.739151 ]
 [ 6.59031    2.9037797]
 [-9.213677  17.873518 ]
 [ 6.9007897  3.8125496]
 [-9.571973  18.06438  ]
 [ 6.882549   3.2567675]
 [-8.914123  17.645687 ]
 [ 7.1278954  4.489603 ]]"
single leg squat,"[[-2.1910424   4.072357  ]
 [-1.4300265   1.1049519 ]
 [-1.199726    2.9389145 ]
 [-1.700034    1.5606151 ]
 [-1.8948946   4.5841618 ]
 [24.00195    -2.3163488 ]
 [-1.147995    1.6150346 ]
 [24.419146   -2.031437  ]
 [-2.3119607   4.1690054 ]
 [24.198957   -1.3816057 ]
 [-1.58361     3.3512542 ]
 [24.000324   -1.7940612 ]
 [-1.691267    4.028072  ]
 [22.7655     -0.9591857 ]
 [-0.91924375  1.3364872 ]
 [23.112276   -0.73125494]
 [-1.262324    3.757966  ]
 [23.173674   -1.3372911 ]
 [-1.1478956   2.2575965 ]
 [23.4926     -1.135165  ]]"
sit-ups,"[[ -4.2713113 -10.325872 ]
 [ 17.852385    6.573649 ]
 [ -4.4891267 -10.543554 ]
 [ 17.354063    5.975929 ]
 [ -4.6731834 -10.727456 ]
 [ 17.865921    6.9744253]
 [ -4.802456  -10.856791 ]
 [ 17.452728    6.8023562]
 [ 12.036467    4.5886607]
 [ 16.036486    5.433647 ]
 [ 12.304099    4.7898264]
 [ 15.236789    4.716926 ]
 [ 13.632043    4.258594 ]
 [ 13.146874    4.5994043]
 [ 13.999598    4.6077895]
 [ 12.601121    4.4684   ]
 [ 14.5328245   4.539205 ]
 [ 17.074732    6.4766445]
 [ 14.947932    5.053087 ]
 [ 16.741602    5.871259 ]]"
slide bridge,"[[-0.40080094  1.0059242 ]
 [ 2.6993995   9.69243   ]
 [ 0.0454498   1.4302589 ]
 [ 1.1117562   8.289135  ]
 [ 0.38750455  2.61682   ]
 [ 2.5846562  10.216173  ]
 [-0.17744792  1.2210381 ]
 [ 1.2437599   4.90261   ]
 [ 0.5011639   3.2066472 ]
 [ 2.9120064   9.980095  ]
 [ 0.7419339   2.9666026 ]
 [ 1.3716491   7.7962575 ]
 [ 2.0611994   9.542715  ]
 [ 0.95730335  7.312609  ]
 [ 2.3848128   9.2605915 ]
 [ 1.1854256   6.3564653 ]
 [ 1.5312386   5.9125094 ]
 [ 1.7292906   8.718756  ]
 [ 1.3001649   5.560498  ]
 [ 1.3419507   7.03026   ]]"
squats,"[[11.249053    2.6203434 ]
 [ 7.267523    5.8590736 ]
 [13.166921   26.373037  ]
 [ 6.9899406   6.130815  ]
 [12.119953    1.4451513 ]
 [ 6.5402985   6.6151533 ]
 [13.1379     27.206444  ]
 [ 6.7951074   6.333219  ]
 [11.276131    3.0008194 ]
 [13.682436    0.36077487]
 [12.796686   26.279575  ]
 [13.426411    0.66207033]
 [11.459888    2.1655657 ]
 [12.07812     2.2985368 ]
 [12.81835    26.71718   ]
 [11.642627    2.7079782 ]
 [11.9277725   1.7113833 ]
 [13.034457    0.9428735 ]
 [13.3720255  26.742252  ]
 [12.747753    1.2757475 ]]"
stability ball dumbbell biceps curl (underhand grip) (1),"[[14.117829    0.8907038 ]
 [ 2.3434951   1.5344934 ]
 [ 2.409005    0.9907592 ]
 [ 1.6211302   1.7525536 ]
 [14.168003    1.5212158 ]
 [ 0.93185985  2.1631267 ]
 [14.699211    1.0426124 ]
 [ 0.45118594  2.226955  ]
 [14.337512    2.139045  ]
 [-0.51711094  2.1340182 ]
 [ 1.9177353   1.2990451 ]
 [-1.1753483   1.9958208 ]
 [14.586076    2.0220778 ]
 [-1.5936309   1.3796226 ]
 [ 2.2349691   1.8597664 ]
 [-2.0905356   2.0655565 ]
 [14.494427    1.0857706 ]
 [-1.8204772   1.749463  ]
 [14.085963    2.5313392 ]
 [-2.0332475   1.3984109 ]]"
stability ball dumbbell biceps curl (underhand grip),"[[23.295332    3.7410524 ]
 [ 8.121104   -1.3067502 ]
 [ 7.8942704  -2.0790467 ]
 [ 7.572847   -0.93563795]
 [23.527258    4.1495543 ]
 [ 6.9912224  -0.45181057]
 [23.85367     3.547952  ]
 [ 6.516873    0.05700874]
 [23.10343     4.5305986 ]
 [ 5.9758434   0.44866025]
 [ 7.895003   -1.7349162 ]
 [ 5.671205    0.9143818 ]
 [23.988195    4.4371114 ]
 [ 4.924838    1.4802012 ]
 [ 7.6334333  -1.599357  ]
 [ 5.1647806   1.7291882 ]
 [23.657267    3.341116  ]
 [ 5.568334    1.5068822 ]
 [23.510693    4.6325984 ]
 [ 4.956781    2.037096  ]]"
stability ball dumbbell biceps curl seated,"[[ 7.5264606  15.999761  ]
 [ 5.420035   16.288143  ]
 [ 3.896459   15.504582  ]
 [ 5.1986985  16.05467   ]
 [ 8.176665   15.957298  ]
 [ 3.0026813  15.370176  ]
 [ 3.3783963  15.418521  ]
 [ 2.4506786  15.458625  ]
 [ 7.010317   15.835931  ]
 [-0.85355306 15.321596  ]
 [ 4.7159495  15.832157  ]
 [-1.1830285  15.92237   ]
 [ 8.315334   15.485976  ]
 [-1.5186797  16.242014  ]
 [ 5.3752565  15.362533  ]
 [-1.1775159  16.36657   ]
 [ 7.951727   15.554908  ]
 [-1.477071   15.481754  ]
 [ 5.709079   15.645868  ]
 [-1.0561055  15.596394  ]]"
stability ball dumbbell biceps preacher curl,"[[ -1.0166268  -12.036044  ]
 [ -0.50272983   6.583282  ]
 [ -0.0223085  -13.073934  ]
 [ -0.9048982    6.9270253 ]
 [ -1.3540509  -11.796865  ]
 [ -0.1528947    7.3800077 ]
 [ -0.45818314 -13.083554  ]
 [ -0.5022419    7.522901  ]
 [ -0.80344677 -12.640192  ]
 [ -0.21115112   8.313576  ]
 [ -1.0966634  -13.502731  ]
 [  0.6465787    7.918406  ]
 [ -2.123162   -12.807896  ]
 [  0.16759616   8.097379  ]
 [ -0.4613379  -13.928255  ]
 [  0.45891368   8.477457  ]
 [ -1.3938781  -12.779892  ]
 [  1.0746692    7.5749683 ]
 [ -0.285661   -13.640472  ]
 [  1.1548775    7.947533  ]]"
stability ball flat dumbbell chest press,"[[  4.4272137  -10.096537  ]
 [  9.742164     0.4561292 ]
 [  4.1905274   -9.801724  ]
 [  9.161439     0.3318865 ]
 [  4.022629    -9.6417675 ]
 [ -3.390035     4.5221767 ]
 [  3.809867    -9.409826  ]
 [ -3.4704862    4.264701  ]
 [ -3.9845612    5.0816684 ]
 [ 11.282238    -0.23642965]
 [ -3.699775     4.834188  ]
 [ 10.777964    -0.4550355 ]
 [ 10.686078     0.38666782]
 [ 11.488062    -0.7522672 ]
 [ 10.270803     0.18289626]
 [ 11.722995    -0.50185513]
 [  8.922506    -0.17959446]
 [ 10.913317    -0.09360499]
 [  8.619057     0.21989882]
 [  9.989094    -0.06241328]]"
stability ball flat dumbbell fly,"[[-13.362051    16.019884  ]
 [ 11.635201    -1.7198528 ]
 [-13.468572    16.126717  ]
 [ 10.974983    -1.4509338 ]
 [-13.031949    15.690693  ]
 [  8.569553     0.42477402]
 [-13.598268    16.256603  ]
 [  8.590251     0.8702604 ]
 [  9.076266     0.83973926]
 [  5.6600194  -13.790816  ]
 [  9.0767       0.36104104]
 [  6.2810564  -13.154477  ]
 [ 12.26566     -1.1168004 ]
 [  6.0211716  -13.435915  ]
 [ 10.842726    -0.8540863 ]
 [  5.8666334  -13.5874605 ]
 [ 10.512832    -1.1879184 ]
 [ 12.2138405   -1.4473277 ]
 [ 10.257439    -0.5415306 ]
 [ 11.613244    -1.1202    ]]"
stability ball french press,"[[-12.71274      6.145313  ]
 [ -1.5744578    5.072956  ]
 [-12.074054     5.869155  ]
 [ -2.0593786    4.275637  ]
 [-12.321017     6.2280717 ]
 [ -3.575632    -0.12668103]
 [-12.033658     6.3850694 ]
 [ -3.1544697    0.29712084]
 [ -2.943281     0.5152096 ]
 [  0.9154332    6.0714803 ]
 [ -3.349125     0.1096561 ]
 [  0.42026606   5.7047615 ]
 [ -0.07298858   5.5105715 ]
 [  0.527814     6.6027846 ]
 [ -0.8841971    4.449626  ]
 [  0.7398642    6.6933813 ]
 [ -1.0112641    5.277472  ]
 [  0.26215422   5.0842896 ]
 [ -1.513203     4.1828227 ]
 [ -1.3654753    4.6185946 ]]"
stability ball hyperextension,"[[ 3.7898493 11.537661 ]
 [11.980271  14.131542 ]
 [ 3.024952  12.465059 ]
 [12.429638  14.50442  ]
 [ 3.6164114 11.7160635]
 [11.736773  14.845634 ]
 [ 3.2325656 12.034075 ]
 [11.962743  14.667326 ]
 [ 3.619833  12.631701 ]
 [16.42581   14.066607 ]
 [ 3.3060372 13.161703 ]
 [16.569025  14.491688 ]
 [ 3.8784087 13.563147 ]
 [16.05073   14.95004  ]
 [14.8947935 14.515874 ]
 [15.484925  15.054868 ]
 [ 3.721325  13.112818 ]
 [15.795427  14.740905 ]
 [12.564805  13.859094 ]
 [15.723974  14.290099 ]]"
stability ball lateral raise,"[[13.469686  13.666863 ]
 [13.425416  16.615868 ]
 [12.739838  16.395405 ]
 [12.832376  16.882093 ]
 [12.911199  13.277152 ]
 [15.927336  -3.7048755]
 [13.17561   17.123087 ]
 [15.543878  -3.9492474]
 [13.243826  14.190261 ]
 [15.079401  -3.503034 ]
 [13.20693   16.027729 ]
 [15.003916  -3.1339104]
 [13.330299  13.131747 ]
 [15.10875   -2.5089457]
 [13.151373  15.433599 ]
 [14.960604  -2.415873 ]
 [13.7118435 13.352596 ]
 [15.594956  -3.1363616]
 [13.140694  14.964476 ]
 [15.534404  -2.768101 ]]"
stability ball pullover,"[[-10.848724    5.0146174]
 [ 18.486122    8.980922 ]
 [-10.684274    5.1790648]
 [ 19.171526    8.662082 ]
 [-11.092993    4.7703424]
 [ 23.389729   17.281828 ]
 [-10.442627    5.4207125]
 [ 23.008762   17.03363  ]
 [ 23.285246   16.759945 ]
 [ 16.519487    7.9987516]
 [ 22.848242   16.754534 ]
 [ 17.040693    7.761587 ]
 [ 17.582964    8.55724  ]
 [ 16.370214    7.4309325]
 [ 19.260265    9.076027 ]
 [ 16.099064    7.7827487]
 [ 17.875467    8.925399 ]
 [ 17.69966     7.852687 ]
 [ 19.015528    9.363909 ]
 [ 18.53332     8.425332 ]]"
stability ball pushup,"[[ 6.5780673  7.7078733]
 [10.832402   8.493778 ]
 [ 7.14442    8.011419 ]
 [10.426329   8.988301 ]
 [ 6.098448   7.881539 ]
 [10.649175   7.6557555]
 [ 6.5000315  8.1356125]
 [10.438519   7.883045 ]
 [ 1.3990388 10.509785 ]
 [10.231441   8.570758 ]
 [ 1.100765  10.23273  ]
 [ 9.845046   8.84581  ]
 [ 2.2036142 10.475489 ]
 [ 7.871067   8.010064 ]
 [ 2.0106614 10.207151 ]
 [ 8.122161   8.405735 ]
 [ 1.5717762 10.01478  ]
 [ 9.231831   8.645922 ]
 [ 1.7665031  9.744161 ]
 [ 8.926384   8.489199 ]]"
stability ball ticeps extension,"[[15.316916   6.1516213]
 [ 8.929137   2.4781837]
 [15.501672   5.638036 ]
 [10.127307   2.2741113]
 [15.195986   5.8608704]
 [14.164788   4.2049356]
 [15.156708   5.731324 ]
 [14.410471   3.7440283]
 [14.681961   4.1135287]
 [ 7.9842343  4.0478477]
 [14.703282   4.512507 ]
 [ 8.437957   4.38435  ]
 [ 8.664886   3.9044917]
 [ 7.8149223  4.6585927]
 [ 9.606972   1.6932929]
 [ 7.630986   4.3316755]
 [ 8.931568   3.3996365]
 [ 8.662469   2.9048314]
 [ 9.57058    2.3420134]
 [ 9.318143   1.9380302]]"
standing barbell calf raise,"[[-0.18839978  1.1785554 ]
 [ 3.990199   -2.5608928 ]
 [ 3.6027215  -3.1818337 ]
 [ 4.051203   -3.0784855 ]
 [-1.0409775   1.2453742 ]
 [ 3.660691   -2.2998776 ]
 [ 3.5142076  -3.7317896 ]
 [ 4.1538434  -3.5756483 ]
 [-0.3573872   0.8236135 ]
 [ 1.3837302  -5.7340894 ]
 [ 3.0809145  -2.1425037 ]
 [ 0.92146206 -5.9182434 ]
 [-1.368366    0.8603677 ]
 [-0.20122828 -5.8318973 ]
 [-0.62658143  0.2781248 ]
 [ 0.02004626 -6.16593   ]
 [-0.94125515  0.7400735 ]
 [ 0.2794269  -5.8521557 ]
 [ 0.18099047  0.41620535]
 [ 0.60361385 -5.588581  ]]"
standing dumbbell calf raise,"[[23.69673    8.900823 ]
 [23.087158   8.973249 ]
 [21.473293   5.7875013]
 [23.30096    9.447055 ]
 [23.746712   9.422663 ]
 [ 9.358047  -7.3708267]
 [21.918873   6.481028 ]
 [ 9.604264  -7.1096697]
 [23.110159   8.44555  ]
 [ 9.002328  -7.0878158]
 [22.334429   6.384921 ]
 [ 9.038871  -6.6394825]
 [22.53702    7.295826 ]
 [ 8.13145   -5.763016 ]
 [22.054663   5.806892 ]
 [ 8.310993  -5.589363 ]
 [22.795315   8.045905 ]
 [ 8.675994  -5.3158407]
 [21.774364   6.0840793]
 [ 8.879304  -5.7220855]]"
standing wrist curl,"[[ -4.2239194  13.349141 ]
 [  8.6190405 -11.550338 ]
 [  8.903877  -11.368921 ]
 [  8.437945  -11.123143 ]
 [ -3.9090676  13.877685 ]
 [ 10.495655   14.150413 ]
 [  8.567981  -10.885131 ]
 [ 10.109793   14.254295 ]
 [ -4.569517   14.195426 ]
 [ 10.325098   13.817071 ]
 [  9.542334  -10.931019 ]
 [  9.874259   13.68936  ]
 [ -4.335993   13.798883 ]
 [  8.845883   11.961281 ]
 [  9.951335  -10.438367 ]
 [  9.112764   12.134239 ]
 [ -4.7038126  13.827019 ]
 [  9.420885   12.792667 ]
 [  9.695015  -10.720034 ]
 [  9.050073   12.570917 ]]"
superman,"[[ 8.42949    -2.2763124 ]
 [ 6.909236   -1.8709359 ]
 [ 7.7182593  -1.8150246 ]
 [ 8.006555   -1.3894976 ]
 [ 8.444793   -1.8322369 ]
 [ 6.0500164  -0.6298701 ]
 [ 5.6178136  -1.4746033 ]
 [ 6.7763653  -0.12826625]
 [13.101791   14.0229    ]
 [ 6.9584827  -1.3330232 ]
 [12.754501   13.781633  ]
 [ 7.4826956  -1.3576366 ]
 [11.959069   14.486087  ]
 [ 7.3479643  -0.44152197]
 [12.381136   14.590078  ]
 [ 5.980309   -1.8540418 ]
 [12.074433   14.136993  ]
 [ 7.0027995  -0.6478017 ]
 [12.640942   14.177044  ]
 [ 6.1536174  -1.4691737 ]]"
t-bar bent over row,"[[-2.4209294  -0.8361884 ]
 [ 6.1165695  11.2807865 ]
 [-3.3619301   0.97966063]
 [ 5.6173763  11.086613  ]
 [-2.5514467  -0.3953672 ]
 [ 4.5582724   8.17584   ]
 [-2.7944834   0.39304543]
 [ 4.450533    8.441075  ]
 [-2.9834378   0.75102973]
 [ 5.2981696   9.250293  ]
 [ 6.126308   10.799128  ]
 [ 5.67442     9.670279  ]
 [-2.090674   -0.53125006]
 [ 3.7589493   7.292381  ]
 [ 5.6694417  10.352791  ]
 [ 3.561199    7.581438  ]
 [-2.2917666  -0.17630266]
 [ 4.2298093   7.8286657 ]
 [ 6.244378   10.339094  ]
 [ 3.894962    8.165351  ]]"
toe raises,"[[19.010815    0.30504236]
 [ 4.417253   16.31019   ]
 [10.016512   -0.13712071]
 [ 4.1504383  15.81205   ]
 [19.044842    0.8178467 ]
 [ 3.8678517  16.110977  ]
 [ 9.682147   -0.03798669]
 [ 5.0623045  16.027315  ]
 [18.673157    0.83259076]
 [ 4.4886093  15.727764  ]
 [10.74324    -0.11512324]
 [ 4.876262   15.602517  ]
 [18.59713     0.3448706 ]
 [ 9.818365   -0.668423  ]
 [17.94778     1.0863158 ]
 [10.547517   -0.4713404 ]
 [18.313921    0.7208451 ]
 [ 9.288343   -0.02464935]
 [11.227438    0.02184972]
 [ 8.965793   -0.322065  ]]"
triceps dips,"[[15.747572  -3.749976 ]
 [ 6.963195  13.372915 ]
 [17.54561   -4.2849355]
 [ 7.4098496 13.23445  ]
 [ 8.557837  15.244287 ]
 [ 7.2601237 13.951117 ]
 [16.781315  -3.702249 ]
 [ 7.7009506 13.769812 ]
 [16.210451  -4.0370326]
 [ 7.8628526 14.610832 ]
 [17.036024  -4.3575335]
 [ 7.7063203 14.266945 ]
 [18.329987  -5.439648 ]
 [16.532593  -3.4067879]
 [17.946766  -5.385289 ]
 [16.026775  -3.3090928]
 [18.367348  -4.749136 ]
 [ 8.508063  14.788563 ]
 [17.904675  -4.7827115]
 [ 7.984443  15.040581 ]]"
triceps extensions,"[[15.107048   5.1003723]
 [14.307868   7.5780816]
 [15.728552   5.9166875]
 [13.977035   7.81316  ]
 [15.279      5.2900276]
 [12.453481   8.456917 ]
 [15.234846   6.05254  ]
 [12.672077   8.6878195]
 [-4.493486  10.517883 ]
 [14.2631855  8.35508  ]
 [-4.4612083 10.246386 ]
 [13.806951   8.621112 ]
 [-5.460382  10.6137905]
 [15.65815    5.472569 ]
 [-4.9944835 10.08296  ]
 [14.810117   6.528533 ]
 [-5.5667176 10.159253 ]
 [13.839934   9.154395 ]
 [-4.990954  10.635709 ]
 [13.321634   8.941151 ]]"
triceps kickbacks,"[[ 3.5170174  -0.44872773]
 [-0.06801709  2.8484716 ]
 [ 3.836434   -0.8166818 ]
 [-0.5616812   2.7007174 ]
 [ 3.6649425  -1.8287134 ]
 [-0.9009242   1.5971173 ]
 [12.443717    3.4963498 ]
 [-0.28145766  2.1949716 ]
 [12.081111    3.4013724 ]
 [-1.1449085   2.0213845 ]
 [12.135157    3.9742877 ]
 [-0.663663    2.0337622 ]
 [ 3.3810647  -1.3767196 ]
 [ 3.1008253  -0.2716828 ]
 [11.440185    3.9847398 ]
 [ 3.0526326  -0.9477211 ]
 [ 3.8762434  -1.4775112 ]
 [-0.5145486   1.2371958 ]
 [11.630377    3.7756045 ]
 [-0.06246708  0.8582622 ]]"
triceps pushdown,"[[12.412246  -5.3186126]
 [ 8.536387  -2.4558945]
 [11.9084635 -5.5906835]
 [ 8.793303  -2.127618 ]
 [ 8.342877  -2.7143779]
 [ 3.067869  21.866537 ]
 [ 8.25667   -2.1775072]
 [ 3.350507  21.569462 ]
 [13.677604  -5.377131 ]
 [ 2.9162924 21.247475 ]
 [12.523668  -5.748194 ]
 [ 2.470735  21.534887 ]
 [14.367417  -5.2890673]
 [ 1.3438046 20.711304 ]
 [13.755959  -5.9459224]
 [ 1.2105291 21.107409 ]
 [14.053907  -5.6073837]
 [ 1.6474776 21.266266 ]
 [13.005669  -5.402041 ]
 [ 1.934587  21.038311 ]]"
twisting hip raise 1,"[[ 6.6522512 -5.2410984]
 [ 6.9361577 13.927982 ]
 [ 6.9226475 -5.155912 ]
 [ 6.7271667 13.460857 ]
 [ 6.4679756 -4.333989 ]
 [ 7.2561593 14.180211 ]
 [ 7.090879  -4.8970256]
 [ 6.6556587 -2.4154   ]
 [ 6.976602  -2.7189806]
 [ 6.506414  14.255442 ]
 [ 6.59002   -2.9328344]
 [ 6.4210443 13.720745 ]
 [ 6.10451   -3.4886723]
 [ 8.524885  13.155309 ]
 [ 6.391292  -3.4349418]
 [ 8.4877615 12.810939 ]
 [ 6.9372864 -3.5664372]
 [ 8.80866   13.429545 ]
 [ 6.650501  -3.9447238]
 [ 8.328285  13.595527 ]]"
twisting hip raise 2,"[[-2.2919295   8.033558  ]
 [ 3.110016   14.900034  ]
 [-2.0743983   8.405122  ]
 [ 3.588588   16.103642  ]
 [-1.6560304   8.208133  ]
 [ 3.547892   15.023099  ]
 [-1.7190813   7.6850047 ]
 [ 4.1815066  15.885855  ]
 [-1.2539778   8.0402975 ]
 [ 2.3131497  15.399491  ]
 [-1.0408205   7.6061854 ]
 [ 3.3968463  15.590578  ]
 [ 2.7465634  14.80134   ]
 [-0.0651608  14.950888  ]
 [ 2.4805367  14.575408  ]
 [ 0.04856816 15.394936  ]
 [ 4.2768946  16.618326  ]
 [ 0.49520028 15.212905  ]
 [ 4.033088   16.232592  ]
 [ 0.61996245 15.5686655 ]]"
twisting hip raise,"[[ 0.80744994  0.89751595]
 [-0.82672846  0.44851345]
 [ 0.2667458   0.7068933 ]
 [-0.65731186 -0.12527373]
 [ 0.6114281   1.2373595 ]
 [-0.14656812  0.46883225]
 [-1.0608665  -0.07032408]
 [-0.6252084   0.765203  ]
 [ 3.582377   30.174994  ]
 [-0.8783624  -0.6832804 ]
 [ 4.547291   29.807642  ]
 [-0.51778334 -1.1358    ]
 [ 3.6226482  30.688818  ]
 [ 2.9710624  -8.729511  ]
 [ 4.172124   30.535513  ]
 [ 2.8500671  -9.200112  ]
 [ 4.1654863  29.93668   ]
 [ 3.506897   -8.882742  ]
 [ 4.596623   30.206097  ]
 [ 3.262617   -9.246276  ]]"
underhand grip concentration with single arm,"[[ 7.6206026  -1.272024  ]
 [ 4.309364    3.7788393 ]
 [ 6.147126    3.953416  ]
 [ 5.3647847   3.5938158 ]
 [ 7.119934   -1.1031266 ]
 [ 1.5175725   4.0673656 ]
 [ 5.8388615   3.6206813 ]
 [ 2.284536    3.4160898 ]
 [ 7.9772177  -0.81992227]
 [ 3.4696271   3.57127   ]
 [ 7.329429   -0.8368198 ]
 [ 3.9526696   3.4676745 ]
 [ 8.152814   -0.23569171]
 [ 0.9461216   4.043342  ]
 [ 5.5208745   4.181216  ]
 [ 1.3051282   4.359878  ]
 [ 7.88459    -0.505733  ]
 [ 1.3743601   3.5159416 ]
 [ 5.775988    4.373595  ]
 [ 1.7533785   3.6401527 ]]"
underhand grip on bench,"[[ 8.655743   3.0669203]
 [ 8.809191   2.2295477]
 [ 7.0675287 12.144519 ]
 [ 9.269652   2.4053032]
 [ 8.962982   2.7266638]
 [ 7.385615   3.5759957]
 [ 6.520622   4.4567246]
 [ 7.925575   3.4530582]
 [ 6.9115577  4.2347293]
 [ 7.344267  12.569903 ]
 [ 6.082106  12.720332 ]
 [ 7.6251836 12.303464 ]
 [ 7.254552   3.985831 ]
 [ 4.9539666 12.303145 ]
 [ 6.627635  12.558849 ]
 [ 4.6168976 12.561486 ]
 [ 6.6859064  3.8006275]
 [ 4.9438615 12.726349 ]
 [ 6.404873  12.919813 ]
 [ 5.153214  13.091317 ]]"
underhand grip prone on an incline bench,"[[ 8.101518    0.6957398 ]
 [ 8.262652    7.132301  ]
 [ 8.71779     6.2617655 ]
 [ 8.07297     6.59464   ]
 [ 7.7740517   0.75893986]
 [14.118514   19.189386  ]
 [ 8.510217    6.520583  ]
 [14.077112   18.750565  ]
 [ 8.169064   -0.12865168]
 [13.726291   18.714062  ]
 [ 8.658975    6.986912  ]
 [13.586749   19.315784  ]
 [ 7.8965845   0.0581484 ]
 [-3.7125313   2.679116  ]
 [13.293775   18.887291  ]
 [-4.199853    2.1911414 ]
 [ 8.266058    0.41629338]
 [-4.013075    2.378419  ]
 [13.007879   19.265043  ]
 [-4.2925487   2.0985188 ]]"
upright row,"[[13.280519  -8.283287 ]
 [13.553652  -2.4481497]
 [ 6.8195796 10.312533 ]
 [14.102705  -2.4311414]
 [13.614819  -7.8903155]
 [13.877717  -2.951976 ]
 [ 7.1918483  9.456972 ]
 [13.890605  -2.1544218]
 [13.248166  -8.861007 ]
 [13.848806  -3.46864  ]
 [ 7.4540453  9.8266   ]
 [13.816684  -4.0373473]
 [13.55739   -8.858851 ]
 [13.569131  -6.9987736]
 [ 6.9767     9.883396 ]
 [13.900246  -7.3689775]
 [13.876176  -8.541395 ]
 [13.794916  -4.8970833]
 [ 7.340179  10.258519 ]
 [13.51411   -4.598677 ]]"
upright rows,"[[ 6.6119256  -1.5831553 ]
 [10.077521   -6.8673277 ]
 [11.196234   13.474071  ]
 [10.002131   -6.4864125 ]
 [ 6.2429037  -1.2692266 ]
 [ 9.3815     -6.6266055 ]
 [10.713055   14.000665  ]
 [ 9.48403    -6.3691344 ]
 [ 5.809984   -1.7307266 ]
 [ 9.28263    -5.3942614 ]
 [10.8302     13.715277  ]
 [ 9.526045   -5.760743  ]
 [ 6.3075595  -2.5264606 ]
 [ 6.8867407  -2.1082249 ]
 [10.643      13.402101  ]
 [ 6.465691   -2.172079  ]
 [ 5.8762894  -2.2743025 ]
 [ 6.2727876  -0.61463106]
 [10.343568   13.746499  ]
 [ 5.865219   -0.8612706 ]]"
weighted pushup,"[[ 1.9379365 10.498507 ]
 [-6.160523  12.389218 ]
 [ 1.2052454 10.473006 ]
 [-5.681273  12.647968 ]
 [ 2.779675  10.321708 ]
 [-5.741565  10.839602 ]
 [ 0.9250677 10.816599 ]
 [-5.3422794 10.702339 ]
 [ 3.7884092 10.053334 ]
 [-6.0606413 11.808278 ]
 [ 3.3476067 10.202702 ]
 [-5.4509254 12.143788 ]
 [ 4.9137444  9.321129 ]
 [-4.6539207 11.321962 ]
 [ 4.827994   9.813291 ]
 [-4.260627  11.524116 ]
 [ 4.5251827  9.472897 ]
 [-5.6497235 11.4121685]
 [ 4.3652563  9.966149 ]
 [-5.096589  11.582292 ]]"
wrist curls 2,"[[ 7.9187164   8.428206  ]
 [11.424815    3.7438164 ]
 [ 0.43507823  0.6843632 ]
 [11.266439    3.6036177 ]
 [ 0.15685913  0.15708557]
 [10.79972     5.5529475 ]
 [ 0.09615044 -0.2538381 ]
 [11.392815    5.58149   ]
 [ 8.017419    7.9888377 ]
 [11.73684     4.377585  ]
 [ 0.651105   -0.02086724]
 [11.248169    4.42805   ]
 [ 8.572479    7.752476  ]
 [10.312132    6.3903475 ]
 [ 0.9380349   0.26477122]
 [10.314558    6.8060784 ]
 [ 8.382329    8.201392  ]
 [10.731495    4.7424226 ]
 [ 1.0382508   0.6353126 ]
 [11.033592    5.1100984 ]]"
wrist curls,"[[ 7.8631215  4.1193247]
 [18.494772   3.011746 ]
 [ 5.4345293 -1.324564 ]
 [18.371357   2.8230639]
 [ 7.466927   3.863565 ]
 [16.612972   3.1154163]
 [ 7.2498264  4.0064325]
 [16.645124   2.5871186]
 [ 5.037354  -1.0628985]
 [17.913141   2.4928427]
 [ 4.88947   -1.8403991]
 [17.913918   3.1141362]
 [ 5.4152656 -0.5428648]
 [ 8.824129   4.4211135]
 [ 5.1969028 -2.1149378]
 [ 8.413976   4.046979 ]
 [ 7.881824   3.5088875]
 [17.338686   2.5288026]
 [ 5.424311  -1.8201957]
 [17.152369   2.8553035]]"
