name,tsne
angled leg presses,"[[ -10.878068    10.538728 ]
 [ -60.884026   -75.59182  ]
 [  -2.3361192  -53.289074 ]
 [ -61.38532    -12.914634 ]
 [ -28.737743   126.297    ]
 [   1.0666057 -123.55281  ]
 [  45.14072     -7.9478693]
 [-140.79597    -98.53055  ]
 [  61.53168    -83.24056  ]
 [ -72.56306   -140.39688  ]
 [  15.984491    63.578186 ]
 [-160.85162     68.945145 ]
 [  85.96183     51.922935 ]
 [ -99.020836   109.93635  ]
 [-176.76413     -8.681684 ]
 [-117.18988    -37.4202   ]
 [ 108.82992    -22.946203 ]
 [  47.588097   121.934814 ]
 [-106.467834    30.17689  ]
 [ -50.613804    59.328842 ]]"
arnold press,"[[ -10.878068    10.538728 ]
 [ -60.884026   -75.59182  ]
 [  -2.3361192  -53.289074 ]
 [ -61.38532    -12.914634 ]
 [ -28.737743   126.297    ]
 [   1.0666057 -123.55281  ]
 [  45.14072     -7.9478693]
 [-140.79597    -98.53055  ]
 [  61.53168    -83.24056  ]
 [ -72.56306   -140.39688  ]
 [  15.984491    63.578186 ]
 [-160.85162     68.945145 ]
 [  85.96183     51.922935 ]
 [ -99.020836   109.93635  ]
 [-176.76413     -8.681684 ]
 [-117.18988    -37.4202   ]
 [ 108.82992    -22.946203 ]
 [  47.588097   121.934814 ]
 [-106.467834    30.17689  ]
 [ -50.613804    59.328842 ]]"
back extensions,"[[ 341.9894     60.95239 ]
 [ -44.397488  433.67963 ]
 [-487.7684     89.47396 ]
 [ -67.39376    68.86647 ]
 [-334.64243  -235.85004 ]
 [ 130.63596  -268.9267  ]
 [  38.188274  234.14633 ]
 [ 158.31648   413.1019  ]
 [-352.34915   -49.55043 ]
 [-245.33704    96.44381 ]
 [ 227.83215   -97.743576]
 [-101.48909  -306.14224 ]
 [ 117.631424   65.597336]
 [  18.187294 -100.174644]
 [-111.50564  -407.24637 ]
 [-364.48822   257.62704 ]
 [-249.5891    425.85202 ]
 [-160.448     -99.448875]
 [ 243.29921   231.88481 ]
 [-144.22153   248.36885 ]]"
back presses,"[[ -10.878068    10.538728 ]
 [ -60.884026   -75.59182  ]
 [  -2.3361192  -53.289074 ]
 [ -61.38532    -12.914634 ]
 [ -28.737743   126.297    ]
 [   1.0666057 -123.55281  ]
 [  45.14072     -7.9478693]
 [-140.79597    -98.53055  ]
 [  61.53168    -83.24056  ]
 [ -72.56306   -140.39688  ]
 [  15.984491    63.578186 ]
 [-160.85162     68.945145 ]
 [  85.96183     51.922935 ]
 [ -99.020836   109.93635  ]
 [-176.76413     -8.681684 ]
 [-117.18988    -37.4202   ]
 [ 108.82992    -22.946203 ]
 [  47.588097   121.934814 ]
 [-106.467834    30.17689  ]
 [ -50.613804    59.328842 ]]"
bar triceps extensions,"[[ -10.878068    10.538728 ]
 [ -60.884026   -75.59182  ]
 [  -2.3361192  -53.289074 ]
 [ -61.38532    -12.914634 ]
 [ -28.737743   126.297    ]
 [   1.0666057 -123.55281  ]
 [  45.14072     -7.9478693]
 [-140.79597    -98.53055  ]
 [  61.53168    -83.24056  ]
 [ -72.56306   -140.39688  ]
 [  15.984491    63.578186 ]
 [-160.85162     68.945145 ]
 [  85.96183     51.922935 ]
 [ -99.020836   109.93635  ]
 [-176.76413     -8.681684 ]
 [-117.18988    -37.4202   ]
 [ 108.82992    -22.946203 ]
 [  47.588097   121.934814 ]
 [-106.467834    30.17689  ]
 [ -50.613804    59.328842 ]]"
barbell bench press,"[[ 498.88873   -199.18741  ]
 [ 262.70215    328.446    ]
 [ 536.05664   -132.23003  ]
 [-231.7461    -322.76852  ]
 [-198.91364    100.549736 ]
 [-165.59293    413.61475  ]
 [ -58.887306  -186.94246  ]
 [ 119.34281    162.88054  ]
 [ -10.742789    12.10828  ]
 [-213.47708    -83.718636 ]
 [ 122.05019   -155.7814   ]
 [ -10.820535  -396.91815  ]
 [-331.3257     267.559    ]
 [ 220.54808     -7.3781195]
 [ -62.703518   223.89326  ]
 [ 364.90515    131.72974  ]
 [-415.0688      58.28247  ]
 [ 215.66566   -330.59085  ]
 [-403.8557    -169.33342  ]
 [  58.926373   400.75653  ]]"
barbell calf raise with single leg,"[[ -10.878068    10.538728 ]
 [ -60.884026   -75.59182  ]
 [  -2.3361192  -53.289074 ]
 [ -61.38532    -12.914634 ]
 [ -28.737743   126.297    ]
 [   1.0666057 -123.55281  ]
 [  45.14072     -7.9478693]
 [-140.79597    -98.53055  ]
 [  61.53168    -83.24056  ]
 [ -72.56306   -140.39688  ]
 [  15.984491    63.578186 ]
 [-160.85162     68.945145 ]
 [  85.96183     51.922935 ]
 [ -99.020836   109.93635  ]
 [-176.76413     -8.681684 ]
 [-117.18988    -37.4202   ]
 [ 108.82992    -22.946203 ]
 [  47.588097   121.934814 ]
 [-106.467834    30.17689  ]
 [ -50.613804    59.328842 ]]"
barbell calf raise,"[[ -10.878068    10.538728 ]
 [ -60.884026   -75.59182  ]
 [  -2.3361192  -53.289074 ]
 [ -61.38532    -12.914634 ]
 [ -28.737743   126.297    ]
 [   1.0666057 -123.55281  ]
 [  45.14072     -7.9478693]
 [-140.79597    -98.53055  ]
 [  61.53168    -83.24056  ]
 [ -72.56306   -140.39688  ]
 [  15.984491    63.578186 ]
 [-160.85162     68.945145 ]
 [  85.96183     51.922935 ]
 [ -99.020836   109.93635  ]
 [-176.76413     -8.681684 ]
 [-117.18988    -37.4202   ]
 [ 108.82992    -22.946203 ]
 [  47.588097   121.934814 ]
 [-106.467834    30.17689  ]
 [ -50.613804    59.328842 ]]"
barbell curls,"[[ -10.878068    10.538728 ]
 [ -60.884026   -75.59182  ]
 [  -2.3361192  -53.289074 ]
 [ -61.38532    -12.914634 ]
 [ -28.737743   126.297    ]
 [   1.0666057 -123.55281  ]
 [  45.14072     -7.9478693]
 [-140.79597    -98.53055  ]
 [  61.53168    -83.24056  ]
 [ -72.56306   -140.39688  ]
 [  15.984491    63.578186 ]
 [-160.85162     68.945145 ]
 [  85.96183     51.922935 ]
 [ -99.020836   109.93635  ]
 [-176.76413     -8.681684 ]
 [-117.18988    -37.4202   ]
 [ 108.82992    -22.946203 ]
 [  47.588097   121.934814 ]
 [-106.467834    30.17689  ]
 [ -50.613804    59.328842 ]]"
barbell front raise,"[[ -10.878068    10.538728 ]
 [ -60.884026   -75.59182  ]
 [  -2.3361192  -53.289074 ]
 [ -61.38532    -12.914634 ]
 [ -28.737743   126.297    ]
 [   1.0666057 -123.55281  ]
 [  45.14072     -7.9478693]
 [-140.79597    -98.53055  ]
 [  61.53168    -83.24056  ]
 [ -72.56306   -140.39688  ]
 [  15.984491    63.578186 ]
 [-160.85162     68.945145 ]
 [  85.96183     51.922935 ]
 [ -99.020836   109.93635  ]
 [-176.76413     -8.681684 ]
 [-117.18988    -37.4202   ]
 [ 108.82992    -22.946203 ]
 [  47.588097   121.934814 ]
 [-106.467834    30.17689  ]
 [ -50.613804    59.328842 ]]"
barbell front raises,"[[ -10.878068    10.538728 ]
 [ -60.884026   -75.59182  ]
 [  -2.3361192  -53.289074 ]
 [ -61.38532    -12.914634 ]
 [ -28.737743   126.297    ]
 [   1.0666057 -123.55281  ]
 [  45.14072     -7.9478693]
 [-140.79597    -98.53055  ]
 [  61.53168    -83.24056  ]
 [ -72.56306   -140.39688  ]
 [  15.984491    63.578186 ]
 [-160.85162     68.945145 ]
 [  85.96183     51.922935 ]
 [ -99.020836   109.93635  ]
 [-176.76413     -8.681684 ]
 [-117.18988    -37.4202   ]
 [ 108.82992    -22.946203 ]
 [  47.588097   121.934814 ]
 [-106.467834    30.17689  ]
 [ -50.613804    59.328842 ]]"
barbell lunge,"[[ -10.878068    10.538728 ]
 [ -60.884026   -75.59182  ]
 [  -2.3361192  -53.289074 ]
 [ -61.38532    -12.914634 ]
 [ -28.737743   126.297    ]
 [   1.0666057 -123.55281  ]
 [  45.14072     -7.9478693]
 [-140.79597    -98.53055  ]
 [  61.53168    -83.24056  ]
 [ -72.56306   -140.39688  ]
 [  15.984491    63.578186 ]
 [-160.85162     68.945145 ]
 [  85.96183     51.922935 ]
 [ -99.020836   109.93635  ]
 [-176.76413     -8.681684 ]
 [-117.18988    -37.4202   ]
 [ 108.82992    -22.946203 ]
 [  47.588097   121.934814 ]
 [-106.467834    30.17689  ]
 [ -50.613804    59.328842 ]]"
barbell squat overhead,"[[ -10.878068    10.538728 ]
 [ -60.884026   -75.59182  ]
 [  -2.3361192  -53.289074 ]
 [ -61.38532    -12.914634 ]
 [ -28.737743   126.297    ]
 [   1.0666057 -123.55281  ]
 [  45.14072     -7.9478693]
 [-140.79597    -98.53055  ]
 [  61.53168    -83.24056  ]
 [ -72.56306   -140.39688  ]
 [  15.984491    63.578186 ]
 [-160.85162     68.945145 ]
 [  85.96183     51.922935 ]
 [ -99.020836   109.93635  ]
 [-176.76413     -8.681684 ]
 [-117.18988    -37.4202   ]
 [ 108.82992    -22.946203 ]
 [  47.588097   121.934814 ]
 [-106.467834    30.17689  ]
 [ -50.613804    59.328842 ]]"
barbell squat,"[[ -10.878068    10.538728 ]
 [ -60.884026   -75.59182  ]
 [  -2.3361192  -53.289074 ]
 [ -61.38532    -12.914634 ]
 [ -28.737743   126.297    ]
 [   1.0666057 -123.55281  ]
 [  45.14072     -7.9478693]
 [-140.79597    -98.53055  ]
 [  61.53168    -83.24056  ]
 [ -72.56306   -140.39688  ]
 [  15.984491    63.578186 ]
 [-160.85162     68.945145 ]
 [  85.96183     51.922935 ]
 [ -99.020836   109.93635  ]
 [-176.76413     -8.681684 ]
 [-117.18988    -37.4202   ]
 [ 108.82992    -22.946203 ]
 [  47.588097   121.934814 ]
 [-106.467834    30.17689  ]
 [ -50.613804    59.328842 ]]"
bench jump,"[[ -10.878068    10.538728 ]
 [ -60.884026   -75.59182  ]
 [  -2.3361192  -53.289074 ]
 [ -61.38532    -12.914634 ]
 [ -28.737743   126.297    ]
 [   1.0666057 -123.55281  ]
 [  45.14072     -7.9478693]
 [-140.79597    -98.53055  ]
 [  61.53168    -83.24056  ]
 [ -72.56306   -140.39688  ]
 [  15.984491    63.578186 ]
 [-160.85162     68.945145 ]
 [  85.96183     51.922935 ]
 [ -99.020836   109.93635  ]
 [-176.76413     -8.681684 ]
 [-117.18988    -37.4202   ]
 [ 108.82992    -22.946203 ]
 [  47.588097   121.934814 ]
 [-106.467834    30.17689  ]
 [ -50.613804    59.328842 ]]"
bench presses,"[[ -10.878068    10.538728 ]
 [ -60.884026   -75.59182  ]
 [  -2.3361192  -53.289074 ]
 [ -61.38532    -12.914634 ]
 [ -28.737743   126.297    ]
 [   1.0666057 -123.55281  ]
 [  45.14072     -7.9478693]
 [-140.79597    -98.53055  ]
 [  61.53168    -83.24056  ]
 [ -72.56306   -140.39688  ]
 [  15.984491    63.578186 ]
 [-160.85162     68.945145 ]
 [  85.96183     51.922935 ]
 [ -99.020836   109.93635  ]
 [-176.76413     -8.681684 ]
 [-117.18988    -37.4202   ]
 [ 108.82992    -22.946203 ]
 [  47.588097   121.934814 ]
 [-106.467834    30.17689  ]
 [ -50.613804    59.328842 ]]"
bent over row,"[[ -10.878068    10.538728 ]
 [ -60.884026   -75.59182  ]
 [  -2.3361192  -53.289074 ]
 [ -61.38532    -12.914634 ]
 [ -28.737743   126.297    ]
 [   1.0666057 -123.55281  ]
 [  45.14072     -7.9478693]
 [-140.79597    -98.53055  ]
 [  61.53168    -83.24056  ]
 [ -72.56306   -140.39688  ]
 [  15.984491    63.578186 ]
 [-160.85162     68.945145 ]
 [  85.96183     51.922935 ]
 [ -99.020836   109.93635  ]
 [-176.76413     -8.681684 ]
 [-117.18988    -37.4202   ]
 [ 108.82992    -22.946203 ]
 [  47.588097   121.934814 ]
 [-106.467834    30.17689  ]
 [ -50.613804    59.328842 ]]"
bodyweight crunch,"[[ -10.878068    10.538728 ]
 [ -60.884026   -75.59182  ]
 [  -2.3361192  -53.289074 ]
 [ -61.38532    -12.914634 ]
 [ -28.737743   126.297    ]
 [   1.0666057 -123.55281  ]
 [  45.14072     -7.9478693]
 [-140.79597    -98.53055  ]
 [  61.53168    -83.24056  ]
 [ -72.56306   -140.39688  ]
 [  15.984491    63.578186 ]
 [-160.85162     68.945145 ]
 [  85.96183     51.922935 ]
 [ -99.020836   109.93635  ]
 [-176.76413     -8.681684 ]
 [-117.18988    -37.4202   ]
 [ 108.82992    -22.946203 ]
 [  47.588097   121.934814 ]
 [-106.467834    30.17689  ]
 [ -50.613804    59.328842 ]]"
bodyweight hip extension,"[[ 2.27212952e+02  2.00868244e+01]
 [-1.19147217e+02 -3.75220070e+01]
 [-1.72377960e+02  9.60287933e+01]
 [ 1.09276070e+02 -6.12583876e+00]
 [ 4.16470604e+01  8.13342819e+01]
 [ 1.59865065e+01 -2.30005432e+02]
 [-4.96187134e+01  1.65864563e+02]
 [ 6.58187485e+01 -1.13550392e+02]
 [-2.37304291e+02 -9.06977940e+00]
 [-1.96603088e+02  2.66036377e+02]
 [-1.82512432e-01 -2.68776703e+01]
 [-1.59706100e+02  2.87934296e+02]
 [ 6.70124664e+01  2.06328232e+02]
 [ 1.91878143e+02 -9.82514191e+01]
 [-5.03309135e+01 -1.25173164e+02]
 [-1.11229568e+02 -2.27479324e+02]
 [-6.70739975e+01  5.55921860e+01]
 [ 1.56137741e+02  1.19180489e+02]
 [ 1.39399536e+02 -2.11017212e+02]
 [-1.90943314e+02 -1.30933243e+02]]"
bodyweight superman,"[[ -30.583548   39.654556]
 [ 226.8613    104.776634]
 [ 352.52756  -112.60818 ]
 [-241.84256   449.25595 ]
 [-482.85345    30.51274 ]
 [-468.41327   291.61023 ]
 [ -49.83804  -221.91873 ]
 [ 200.40385  -350.04147 ]
 [  33.037407  463.1726  ]
 [-238.93651   -83.384476]
 [ -25.247179 -458.1605  ]
 [ -38.15272   249.48372 ]
 [ 223.87665   328.65326 ]
 [ 460.12616  -340.3595  ]
 [-251.05417   155.22334 ]
 [-273.55075  -352.71866 ]
 [ 131.67245  -101.30434 ]
 [-488.52277  -221.72903 ]
 [ 542.531      28.63342 ]
 [ 462.34198   283.6146  ]]"
brbell shrugs,"[[ -10.878068    10.538728 ]
 [ -60.884026   -75.59182  ]
 [  -2.3361192  -53.289074 ]
 [ -61.38532    -12.914634 ]
 [ -28.737743   126.297    ]
 [   1.0666057 -123.55281  ]
 [  45.14072     -7.9478693]
 [-140.79597    -98.53055  ]
 [  61.53168    -83.24056  ]
 [ -72.56306   -140.39688  ]
 [  15.984491    63.578186 ]
 [-160.85162     68.945145 ]
 [  85.96183     51.922935 ]
 [ -99.020836   109.93635  ]
 [-176.76413     -8.681684 ]
 [-117.18988    -37.4202   ]
 [ 108.82992    -22.946203 ]
 [  47.588097   121.934814 ]
 [-106.467834    30.17689  ]
 [ -50.613804    59.328842 ]]"
bulgarian split squat (no weights),"[[ -10.878068    10.538728 ]
 [ -60.884026   -75.59182  ]
 [  -2.3361192  -53.289074 ]
 [ -61.38532    -12.914634 ]
 [ -28.737743   126.297    ]
 [   1.0666057 -123.55281  ]
 [  45.14072     -7.9478693]
 [-140.79597    -98.53055  ]
 [  61.53168    -83.24056  ]
 [ -72.56306   -140.39688  ]
 [  15.984491    63.578186 ]
 [-160.85162     68.945145 ]
 [  85.96183     51.922935 ]
 [ -99.020836   109.93635  ]
 [-176.76413     -8.681684 ]
 [-117.18988    -37.4202   ]
 [ 108.82992    -22.946203 ]
 [  47.588097   121.934814 ]
 [-106.467834    30.17689  ]
 [ -50.613804    59.328842 ]]"
bulgarian split squat,"[[ -10.878068    10.538728 ]
 [ -60.884026   -75.59182  ]
 [  -2.3361192  -53.289074 ]
 [ -61.38532    -12.914634 ]
 [ -28.737743   126.297    ]
 [   1.0666057 -123.55281  ]
 [  45.14072     -7.9478693]
 [-140.79597    -98.53055  ]
 [  61.53168    -83.24056  ]
 [ -72.56306   -140.39688  ]
 [  15.984491    63.578186 ]
 [-160.85162     68.945145 ]
 [  85.96183     51.922935 ]
 [ -99.020836   109.93635  ]
 [-176.76413     -8.681684 ]
 [-117.18988    -37.4202   ]
 [ 108.82992    -22.946203 ]
 [  47.588097   121.934814 ]
 [-106.467834    30.17689  ]
 [ -50.613804    59.328842 ]]"
cable back kicks,"[[ -10.878068    10.538728 ]
 [ -60.884026   -75.59182  ]
 [  -2.3361192  -53.289074 ]
 [ -61.38532    -12.914634 ]
 [ -28.737743   126.297    ]
 [   1.0666057 -123.55281  ]
 [  45.14072     -7.9478693]
 [-140.79597    -98.53055  ]
 [  61.53168    -83.24056  ]
 [ -72.56306   -140.39688  ]
 [  15.984491    63.578186 ]
 [-160.85162     68.945145 ]
 [  85.96183     51.922935 ]
 [ -99.020836   109.93635  ]
 [-176.76413     -8.681684 ]
 [-117.18988    -37.4202   ]
 [ 108.82992    -22.946203 ]
 [  47.588097   121.934814 ]
 [-106.467834    30.17689  ]
 [ -50.613804    59.328842 ]]"
cable biceps curl,"[[ -10.878068    10.538728 ]
 [ -60.884026   -75.59182  ]
 [  -2.3361192  -53.289074 ]
 [ -61.38532    -12.914634 ]
 [ -28.737743   126.297    ]
 [   1.0666057 -123.55281  ]
 [  45.14072     -7.9478693]
 [-140.79597    -98.53055  ]
 [  61.53168    -83.24056  ]
 [ -72.56306   -140.39688  ]
 [  15.984491    63.578186 ]
 [-160.85162     68.945145 ]
 [  85.96183     51.922935 ]
 [ -99.020836   109.93635  ]
 [-176.76413     -8.681684 ]
 [-117.18988    -37.4202   ]
 [ 108.82992    -22.946203 ]
 [  47.588097   121.934814 ]
 [-106.467834    30.17689  ]
 [ -50.613804    59.328842 ]]"
cable crossover flys,"[[ 172.04799     99.220215 ]
 [  80.07301     37.344807 ]
 [  73.34627   -188.36182  ]
 [  -2.029918  -111.99506  ]
 [-197.36252     72.41459  ]
 [ 182.7002     -13.283733 ]
 [-104.29805    122.77188  ]
 [ -12.372401    82.299446 ]
 [-254.9606     -71.0374   ]
 [-102.18198     17.481096 ]
 [-135.42863   -170.44548  ]
 [ 166.42044   -128.46944  ]
 [-203.57204    -55.94718  ]
 [  82.975136   -61.749958 ]
 [ -33.997536   256.62784  ]
 [  -7.6561007  -14.143703 ]
 [  71.9559     146.00928  ]
 [ -93.246925   -76.490974 ]
 [ -28.415873   203.45927  ]
 [ -35.154655  -211.82411  ]]"
chin-ups,"[[ -10.878068    10.538728 ]
 [ -60.884026   -75.59182  ]
 [  -2.3361192  -53.289074 ]
 [ -61.38532    -12.914634 ]
 [ -28.737743   126.297    ]
 [   1.0666057 -123.55281  ]
 [  45.14072     -7.9478693]
 [-140.79597    -98.53055  ]
 [  61.53168    -83.24056  ]
 [ -72.56306   -140.39688  ]
 [  15.984491    63.578186 ]
 [-160.85162     68.945145 ]
 [  85.96183     51.922935 ]
 [ -99.020836   109.93635  ]
 [-176.76413     -8.681684 ]
 [-117.18988    -37.4202   ]
 [ 108.82992    -22.946203 ]
 [  47.588097   121.934814 ]
 [-106.467834    30.17689  ]
 [ -50.613804    59.328842 ]]"
close-grip bench presses,"[[ -10.878068    10.538728 ]
 [ -60.884026   -75.59182  ]
 [  -2.3361192  -53.289074 ]
 [ -61.38532    -12.914634 ]
 [ -28.737743   126.297    ]
 [   1.0666057 -123.55281  ]
 [  45.14072     -7.9478693]
 [-140.79597    -98.53055  ]
 [  61.53168    -83.24056  ]
 [ -72.56306   -140.39688  ]
 [  15.984491    63.578186 ]
 [-160.85162     68.945145 ]
 [  85.96183     51.922935 ]
 [ -99.020836   109.93635  ]
 [-176.76413     -8.681684 ]
 [-117.18988    -37.4202   ]
 [ 108.82992    -22.946203 ]
 [  47.588097   121.934814 ]
 [-106.467834    30.17689  ]
 [ -50.613804    59.328842 ]]"
concentration curls,"[[ -10.878068    10.538728 ]
 [ -60.884026   -75.59182  ]
 [  -2.3361192  -53.289074 ]
 [ -61.38532    -12.914634 ]
 [ -28.737743   126.297    ]
 [   1.0666057 -123.55281  ]
 [  45.14072     -7.9478693]
 [-140.79597    -98.53055  ]
 [  61.53168    -83.24056  ]
 [ -72.56306   -140.39688  ]
 [  15.984491    63.578186 ]
 [-160.85162     68.945145 ]
 [  85.96183     51.922935 ]
 [ -99.020836   109.93635  ]
 [-176.76413     -8.681684 ]
 [-117.18988    -37.4202   ]
 [ 108.82992    -22.946203 ]
 [  47.588097   121.934814 ]
 [-106.467834    30.17689  ]
 [ -50.613804    59.328842 ]]"
crunches,"[[ -10.878068    10.538728 ]
 [ -60.884026   -75.59182  ]
 [  -2.3361192  -53.289074 ]
 [ -61.38532    -12.914634 ]
 [ -28.737743   126.297    ]
 [   1.0666057 -123.55281  ]
 [  45.14072     -7.9478693]
 [-140.79597    -98.53055  ]
 [  61.53168    -83.24056  ]
 [ -72.56306   -140.39688  ]
 [  15.984491    63.578186 ]
 [-160.85162     68.945145 ]
 [  85.96183     51.922935 ]
 [ -99.020836   109.93635  ]
 [-176.76413     -8.681684 ]
 [-117.18988    -37.4202   ]
 [ 108.82992    -22.946203 ]
 [  47.588097   121.934814 ]
 [-106.467834    30.17689  ]
 [ -50.613804    59.328842 ]]"
curls,"[[ 142.01863  -253.38037 ]
 [ -43.411728 -322.13864 ]
 [-186.50917   173.23097 ]
 [-273.30127   -95.307396]
 [-409.7606   1052.3774  ]
 [ -83.13145   -82.12685 ]
 [ -39.841976   42.183826]
 [ 114.32145   252.69522 ]
 [  30.994383 -153.45013 ]
 [ 310.98853   -60.615097]
 [-200.43896  -180.68286 ]
 [ -46.414017  304.95468 ]
 [ -35.268745  168.29984 ]
 [-176.11955    30.927713]
 [  65.671135  -26.909512]
 [ 195.2186     24.788063]
 [ -96.842186 -229.38799 ]
 [ 249.71722   158.95076 ]
 [ 175.30489  -116.863174]
 [  90.0168    110.87914 ]]"
deadlifts,"[[ -10.878068    10.538728 ]
 [ -60.884026   -75.59182  ]
 [  -2.3361192  -53.289074 ]
 [ -61.38532    -12.914634 ]
 [ -28.737743   126.297    ]
 [   1.0666057 -123.55281  ]
 [  45.14072     -7.9478693]
 [-140.79597    -98.53055  ]
 [  61.53168    -83.24056  ]
 [ -72.56306   -140.39688  ]
 [  15.984491    63.578186 ]
 [-160.85162     68.945145 ]
 [  85.96183     51.922935 ]
 [ -99.020836   109.93635  ]
 [-176.76413     -8.681684 ]
 [-117.18988    -37.4202   ]
 [ 108.82992    -22.946203 ]
 [  47.588097   121.934814 ]
 [-106.467834    30.17689  ]
 [ -50.613804    59.328842 ]]"
decline pushup,"[[ -10.878068    10.538728 ]
 [ -60.884026   -75.59182  ]
 [  -2.3361192  -53.289074 ]
 [ -61.38532    -12.914634 ]
 [ -28.737743   126.297    ]
 [   1.0666057 -123.55281  ]
 [  45.14072     -7.9478693]
 [-140.79597    -98.53055  ]
 [  61.53168    -83.24056  ]
 [ -72.56306   -140.39688  ]
 [  15.984491    63.578186 ]
 [-160.85162     68.945145 ]
 [  85.96183     51.922935 ]
 [ -99.020836   109.93635  ]
 [-176.76413     -8.681684 ]
 [-117.18988    -37.4202   ]
 [ 108.82992    -22.946203 ]
 [  47.588097   121.934814 ]
 [-106.467834    30.17689  ]
 [ -50.613804    59.328842 ]]"
diamond pushup on bench,"[[ -10.878068    10.538728 ]
 [ -60.884026   -75.59182  ]
 [  -2.3361192  -53.289074 ]
 [ -61.38532    -12.914634 ]
 [ -28.737743   126.297    ]
 [   1.0666057 -123.55281  ]
 [  45.14072     -7.9478693]
 [-140.79597    -98.53055  ]
 [  61.53168    -83.24056  ]
 [ -72.56306   -140.39688  ]
 [  15.984491    63.578186 ]
 [-160.85162     68.945145 ]
 [  85.96183     51.922935 ]
 [ -99.020836   109.93635  ]
 [-176.76413     -8.681684 ]
 [-117.18988    -37.4202   ]
 [ 108.82992    -22.946203 ]
 [  47.588097   121.934814 ]
 [-106.467834    30.17689  ]
 [ -50.613804    59.328842 ]]"
diamond pushup,"[[ -10.878068    10.538728 ]
 [ -60.884026   -75.59182  ]
 [  -2.3361192  -53.289074 ]
 [ -61.38532    -12.914634 ]
 [ -28.737743   126.297    ]
 [   1.0666057 -123.55281  ]
 [  45.14072     -7.9478693]
 [-140.79597    -98.53055  ]
 [  61.53168    -83.24056  ]
 [ -72.56306   -140.39688  ]
 [  15.984491    63.578186 ]
 [-160.85162     68.945145 ]
 [  85.96183     51.922935 ]
 [ -99.020836   109.93635  ]
 [-176.76413     -8.681684 ]
 [-117.18988    -37.4202   ]
 [ 108.82992    -22.946203 ]
 [  47.588097   121.934814 ]
 [-106.467834    30.17689  ]
 [ -50.613804    59.328842 ]]"
dive bomber pushup,"[[  12.804076  -102.12718  ]
 [-151.41035     50.307014 ]
 [ -10.219529   -47.863747 ]
 [ -55.37604    -97.96304  ]
 [ -91.38904     12.703617 ]
 [-119.26978    -73.19072  ]
 [   7.437265    55.82444  ]
 [  24.251898     3.3301823]
 [ -46.203552    49.209553 ]
 [ -31.046926     1.2098601]
 [ -96.42325     69.73902  ]
 [  84.3149       9.700182 ]
 [ -70.49275    -38.405247 ]
 [  55.770576   -50.300713 ]
 [-100.87852    158.89265  ]
 [ -32.235718   103.74713  ]
 [  23.514036   122.32186  ]
 [-143.54974    -14.366602 ]
 [ -89.33921    130.57683  ]
 [  65.03112     70.68813  ]]"
dumbbell biceps curl seated (underhand grip),"[[ -10.878068    10.538728 ]
 [ -60.884026   -75.59182  ]
 [  -2.3361192  -53.289074 ]
 [ -61.38532    -12.914634 ]
 [ -28.737743   126.297    ]
 [   1.0666057 -123.55281  ]
 [  45.14072     -7.9478693]
 [-140.79597    -98.53055  ]
 [  61.53168    -83.24056  ]
 [ -72.56306   -140.39688  ]
 [  15.984491    63.578186 ]
 [-160.85162     68.945145 ]
 [  85.96183     51.922935 ]
 [ -99.020836   109.93635  ]
 [-176.76413     -8.681684 ]
 [-117.18988    -37.4202   ]
 [ 108.82992    -22.946203 ]
 [  47.588097   121.934814 ]
 [-106.467834    30.17689  ]
 [ -50.613804    59.328842 ]]"
dumbbell biceps curl seated,"[[ -10.878068    10.538728 ]
 [ -60.884026   -75.59182  ]
 [  -2.3361192  -53.289074 ]
 [ -61.38532    -12.914634 ]
 [ -28.737743   126.297    ]
 [   1.0666057 -123.55281  ]
 [  45.14072     -7.9478693]
 [-140.79597    -98.53055  ]
 [  61.53168    -83.24056  ]
 [ -72.56306   -140.39688  ]
 [  15.984491    63.578186 ]
 [-160.85162     68.945145 ]
 [  85.96183     51.922935 ]
 [ -99.020836   109.93635  ]
 [-176.76413     -8.681684 ]
 [-117.18988    -37.4202   ]
 [ 108.82992    -22.946203 ]
 [  47.588097   121.934814 ]
 [-106.467834    30.17689  ]
 [ -50.613804    59.328842 ]]"
dumbbell biceps curl,"[[ -10.878068    10.538728 ]
 [ -60.884026   -75.59182  ]
 [  -2.3361192  -53.289074 ]
 [ -61.38532    -12.914634 ]
 [ -28.737743   126.297    ]
 [   1.0666057 -123.55281  ]
 [  45.14072     -7.9478693]
 [-140.79597    -98.53055  ]
 [  61.53168    -83.24056  ]
 [ -72.56306   -140.39688  ]
 [  15.984491    63.578186 ]
 [-160.85162     68.945145 ]
 [  85.96183     51.922935 ]
 [ -99.020836   109.93635  ]
 [-176.76413     -8.681684 ]
 [-117.18988    -37.4202   ]
 [ 108.82992    -22.946203 ]
 [  47.588097   121.934814 ]
 [-106.467834    30.17689  ]
 [ -50.613804    59.328842 ]]"
dumbbell calf jump,"[[ -10.878068    10.538728 ]
 [ -60.884026   -75.59182  ]
 [  -2.3361192  -53.289074 ]
 [ -61.38532    -12.914634 ]
 [ -28.737743   126.297    ]
 [   1.0666057 -123.55281  ]
 [  45.14072     -7.9478693]
 [-140.79597    -98.53055  ]
 [  61.53168    -83.24056  ]
 [ -72.56306   -140.39688  ]
 [  15.984491    63.578186 ]
 [-160.85162     68.945145 ]
 [  85.96183     51.922935 ]
 [ -99.020836   109.93635  ]
 [-176.76413     -8.681684 ]
 [-117.18988    -37.4202   ]
 [ 108.82992    -22.946203 ]
 [  47.588097   121.934814 ]
 [-106.467834    30.17689  ]
 [ -50.613804    59.328842 ]]"
dumbbell calf raise,"[[ -10.878068    10.538728 ]
 [ -60.884026   -75.59182  ]
 [  -2.3361192  -53.289074 ]
 [ -61.38532    -12.914634 ]
 [ -28.737743   126.297    ]
 [   1.0666057 -123.55281  ]
 [  45.14072     -7.9478693]
 [-140.79597    -98.53055  ]
 [  61.53168    -83.24056  ]
 [ -72.56306   -140.39688  ]
 [  15.984491    63.578186 ]
 [-160.85162     68.945145 ]
 [  85.96183     51.922935 ]
 [ -99.020836   109.93635  ]
 [-176.76413     -8.681684 ]
 [-117.18988    -37.4202   ]
 [ 108.82992    -22.946203 ]
 [  47.588097   121.934814 ]
 [-106.467834    30.17689  ]
 [ -50.613804    59.328842 ]]"
dumbbell floor chest press,"[[ -10.878068    10.538728 ]
 [ -60.884026   -75.59182  ]
 [  -2.3361192  -53.289074 ]
 [ -61.38532    -12.914634 ]
 [ -28.737743   126.297    ]
 [   1.0666057 -123.55281  ]
 [  45.14072     -7.9478693]
 [-140.79597    -98.53055  ]
 [  61.53168    -83.24056  ]
 [ -72.56306   -140.39688  ]
 [  15.984491    63.578186 ]
 [-160.85162     68.945145 ]
 [  85.96183     51.922935 ]
 [ -99.020836   109.93635  ]
 [-176.76413     -8.681684 ]
 [-117.18988    -37.4202   ]
 [ 108.82992    -22.946203 ]
 [  47.588097   121.934814 ]
 [-106.467834    30.17689  ]
 [ -50.613804    59.328842 ]]"
dumbbell flys,"[[ -10.878068    10.538728 ]
 [ -60.884026   -75.59182  ]
 [  -2.3361192  -53.289074 ]
 [ -61.38532    -12.914634 ]
 [ -28.737743   126.297    ]
 [   1.0666057 -123.55281  ]
 [  45.14072     -7.9478693]
 [-140.79597    -98.53055  ]
 [  61.53168    -83.24056  ]
 [ -72.56306   -140.39688  ]
 [  15.984491    63.578186 ]
 [-160.85162     68.945145 ]
 [  85.96183     51.922935 ]
 [ -99.020836   109.93635  ]
 [-176.76413     -8.681684 ]
 [-117.18988    -37.4202   ]
 [ 108.82992    -22.946203 ]
 [  47.588097   121.934814 ]
 [-106.467834    30.17689  ]
 [ -50.613804    59.328842 ]]"
dumbbell lateral raise with arms bent,"[[ -10.878068    10.538728 ]
 [ -60.884026   -75.59182  ]
 [  -2.3361192  -53.289074 ]
 [ -61.38532    -12.914634 ]
 [ -28.737743   126.297    ]
 [   1.0666057 -123.55281  ]
 [  45.14072     -7.9478693]
 [-140.79597    -98.53055  ]
 [  61.53168    -83.24056  ]
 [ -72.56306   -140.39688  ]
 [  15.984491    63.578186 ]
 [-160.85162     68.945145 ]
 [  85.96183     51.922935 ]
 [ -99.020836   109.93635  ]
 [-176.76413     -8.681684 ]
 [-117.18988    -37.4202   ]
 [ 108.82992    -22.946203 ]
 [  47.588097   121.934814 ]
 [-106.467834    30.17689  ]
 [ -50.613804    59.328842 ]]"
dumbbell lunges,"[[  98.45777    42.54537 ]
 [-125.065155 -115.60958 ]
 [  56.044804  -54.627583]
 [ -42.333515  228.56422 ]
 [-135.71873   -10.047953]
 [ 201.02176    12.280953]
 [  78.02224  -172.8092  ]
 [-139.47371   163.63222 ]
 [ -89.20841    71.22689 ]
 [ -43.695488  -38.425777]
 [-228.67761   -58.212982]
 [ -10.570809  128.82202 ]
 [ -19.926237 -136.96828 ]
 [ 163.19487   126.45547 ]
 [   7.571586   38.307846]
 [  73.11155   181.67662 ]
 [-209.68968    71.92857 ]
 [-133.52898  -263.66983 ]
 [ 154.40164   -87.88937 ]
 [ -96.324715 -274.00388 ]]"
dumbbell press,"[[ -10.878068    10.538728 ]
 [ -60.884026   -75.59182  ]
 [  -2.3361192  -53.289074 ]
 [ -61.38532    -12.914634 ]
 [ -28.737743   126.297    ]
 [   1.0666057 -123.55281  ]
 [  45.14072     -7.9478693]
 [-140.79597    -98.53055  ]
 [  61.53168    -83.24056  ]
 [ -72.56306   -140.39688  ]
 [  15.984491    63.578186 ]
 [-160.85162     68.945145 ]
 [  85.96183     51.922935 ]
 [ -99.020836   109.93635  ]
 [-176.76413     -8.681684 ]
 [-117.18988    -37.4202   ]
 [ 108.82992    -22.946203 ]
 [  47.588097   121.934814 ]
 [-106.467834    30.17689  ]
 [ -50.613804    59.328842 ]]"
dumbbell presses,"[[ -27.211807    58.784668 ]
 [ -86.677155  -159.58548  ]
 [-144.74219     42.634865 ]
 [   5.7542458 -184.83508  ]
 [  18.187424   160.21382  ]
 [ -75.92329    132.37482  ]
 [-190.28752     53.159405 ]
 [-132.76038    -73.12698  ]
 [ 102.56398   -176.78378  ]
 [  28.933102   -14.874333 ]
 [  46.965576  -101.60626  ]
 [ -32.14855    -83.73277  ]
 [ -67.38087     -8.645422 ]
 [ 205.75468    -23.676006 ]
 [ 189.67848     74.814255 ]
 [ 114.81665    -59.864555 ]
 [  52.200577    71.319695 ]
 [ 182.8105    -122.01469  ]
 [ 115.49542    137.993    ]
 [ 115.12616     21.378784 ]]"
dumbbell pullovers,"[[ 18.36025   -64.315346 ]
 [ 33.74018     9.510173 ]
 [-15.623331  -19.91058  ]
 [ 28.441118  -17.373745 ]
 [-43.496735   -8.280242 ]
 [ 15.291428   52.356136 ]
 [-37.850094  -39.573666 ]
 [ 42.06218    37.34818  ]
 [ 65.53993    15.359436 ]
 [ 67.22943   -38.802425 ]
 [ 10.024519   23.069376 ]
 [  6.9526744  -3.9782455]
 [-11.679225  -55.675415 ]
 [ 37.579605  -42.948612 ]
 [-41.661198   23.654861 ]
 [ 80.52047   -45.44348  ]
 [-16.098139    9.291239 ]
 [-14.709765   41.15969  ]
 [ 54.61717   -12.0133705]
 [  7.471929  -34.006905 ]]"
dumbbell pushup,"[[ -10.878068    10.538728 ]
 [ -60.884026   -75.59182  ]
 [  -2.3361192  -53.289074 ]
 [ -61.38532    -12.914634 ]
 [ -28.737743   126.297    ]
 [   1.0666057 -123.55281  ]
 [  45.14072     -7.9478693]
 [-140.79597    -98.53055  ]
 [  61.53168    -83.24056  ]
 [ -72.56306   -140.39688  ]
 [  15.984491    63.578186 ]
 [-160.85162     68.945145 ]
 [  85.96183     51.922935 ]
 [ -99.020836   109.93635  ]
 [-176.76413     -8.681684 ]
 [-117.18988    -37.4202   ]
 [ 108.82992    -22.946203 ]
 [  47.588097   121.934814 ]
 [-106.467834    30.17689  ]
 [ -50.613804    59.328842 ]]"
dumbbell rear deltoid raises,"[[ -10.878068    10.538728 ]
 [ -60.884026   -75.59182  ]
 [  -2.3361192  -53.289074 ]
 [ -61.38532    -12.914634 ]
 [ -28.737743   126.297    ]
 [   1.0666057 -123.55281  ]
 [  45.14072     -7.9478693]
 [-140.79597    -98.53055  ]
 [  61.53168    -83.24056  ]
 [ -72.56306   -140.39688  ]
 [  15.984491    63.578186 ]
 [-160.85162     68.945145 ]
 [  85.96183     51.922935 ]
 [ -99.020836   109.93635  ]
 [-176.76413     -8.681684 ]
 [-117.18988    -37.4202   ]
 [ 108.82992    -22.946203 ]
 [  47.588097   121.934814 ]
 [-106.467834    30.17689  ]
 [ -50.613804    59.328842 ]]"
dumbbell row kickback,"[[ -10.878068    10.538728 ]
 [ -60.884026   -75.59182  ]
 [  -2.3361192  -53.289074 ]
 [ -61.38532    -12.914634 ]
 [ -28.737743   126.297    ]
 [   1.0666057 -123.55281  ]
 [  45.14072     -7.9478693]
 [-140.79597    -98.53055  ]
 [  61.53168    -83.24056  ]
 [ -72.56306   -140.39688  ]
 [  15.984491    63.578186 ]
 [-160.85162     68.945145 ]
 [  85.96183     51.922935 ]
 [ -99.020836   109.93635  ]
 [-176.76413     -8.681684 ]
 [-117.18988    -37.4202   ]
 [ 108.82992    -22.946203 ]
 [  47.588097   121.934814 ]
 [-106.467834    30.17689  ]
 [ -50.613804    59.328842 ]]"
dumbbell scarecrow,"[[ -10.878068    10.538728 ]
 [ -60.884026   -75.59182  ]
 [  -2.3361192  -53.289074 ]
 [ -61.38532    -12.914634 ]
 [ -28.737743   126.297    ]
 [   1.0666057 -123.55281  ]
 [  45.14072     -7.9478693]
 [-140.79597    -98.53055  ]
 [  61.53168    -83.24056  ]
 [ -72.56306   -140.39688  ]
 [  15.984491    63.578186 ]
 [-160.85162     68.945145 ]
 [  85.96183     51.922935 ]
 [ -99.020836   109.93635  ]
 [-176.76413     -8.681684 ]
 [-117.18988    -37.4202   ]
 [ 108.82992    -22.946203 ]
 [  47.588097   121.934814 ]
 [-106.467834    30.17689  ]
 [ -50.613804    59.328842 ]]"
dumbbell shoulder press,"[[ -10.878068    10.538728 ]
 [ -60.884026   -75.59182  ]
 [  -2.3361192  -53.289074 ]
 [ -61.38532    -12.914634 ]
 [ -28.737743   126.297    ]
 [   1.0666057 -123.55281  ]
 [  45.14072     -7.9478693]
 [-140.79597    -98.53055  ]
 [  61.53168    -83.24056  ]
 [ -72.56306   -140.39688  ]
 [  15.984491    63.578186 ]
 [-160.85162     68.945145 ]
 [  85.96183     51.922935 ]
 [ -99.020836   109.93635  ]
 [-176.76413     -8.681684 ]
 [-117.18988    -37.4202   ]
 [ 108.82992    -22.946203 ]
 [  47.588097   121.934814 ]
 [-106.467834    30.17689  ]
 [ -50.613804    59.328842 ]]"
dumbbell shrugs,"[[ -10.878068    10.538728 ]
 [ -60.884026   -75.59182  ]
 [  -2.3361192  -53.289074 ]
 [ -61.38532    -12.914634 ]
 [ -28.737743   126.297    ]
 [   1.0666057 -123.55281  ]
 [  45.14072     -7.9478693]
 [-140.79597    -98.53055  ]
 [  61.53168    -83.24056  ]
 [ -72.56306   -140.39688  ]
 [  15.984491    63.578186 ]
 [-160.85162     68.945145 ]
 [  85.96183     51.922935 ]
 [ -99.020836   109.93635  ]
 [-176.76413     -8.681684 ]
 [-117.18988    -37.4202   ]
 [ 108.82992    -22.946203 ]
 [  47.588097   121.934814 ]
 [-106.467834    30.17689  ]
 [ -50.613804    59.328842 ]]"
dumbbell side bends,"[[ -10.878068    10.538728 ]
 [ -60.884026   -75.59182  ]
 [  -2.3361192  -53.289074 ]
 [ -61.38532    -12.914634 ]
 [ -28.737743   126.297    ]
 [   1.0666057 -123.55281  ]
 [  45.14072     -7.9478693]
 [-140.79597    -98.53055  ]
 [  61.53168    -83.24056  ]
 [ -72.56306   -140.39688  ]
 [  15.984491    63.578186 ]
 [-160.85162     68.945145 ]
 [  85.96183     51.922935 ]
 [ -99.020836   109.93635  ]
 [-176.76413     -8.681684 ]
 [-117.18988    -37.4202   ]
 [ 108.82992    -22.946203 ]
 [  47.588097   121.934814 ]
 [-106.467834    30.17689  ]
 [ -50.613804    59.328842 ]]"
dumbbell side lunge,"[[ -10.878068    10.538728 ]
 [ -60.884026   -75.59182  ]
 [  -2.3361192  -53.289074 ]
 [ -61.38532    -12.914634 ]
 [ -28.737743   126.297    ]
 [   1.0666057 -123.55281  ]
 [  45.14072     -7.9478693]
 [-140.79597    -98.53055  ]
 [  61.53168    -83.24056  ]
 [ -72.56306   -140.39688  ]
 [  15.984491    63.578186 ]
 [-160.85162     68.945145 ]
 [  85.96183     51.922935 ]
 [ -99.020836   109.93635  ]
 [-176.76413     -8.681684 ]
 [-117.18988    -37.4202   ]
 [ 108.82992    -22.946203 ]
 [  47.588097   121.934814 ]
 [-106.467834    30.17689  ]
 [ -50.613804    59.328842 ]]"
dumbbell squats,"[[ -10.878068    10.538728 ]
 [ -60.884026   -75.59182  ]
 [  -2.3361192  -53.289074 ]
 [ -61.38532    -12.914634 ]
 [ -28.737743   126.297    ]
 [   1.0666057 -123.55281  ]
 [  45.14072     -7.9478693]
 [-140.79597    -98.53055  ]
 [  61.53168    -83.24056  ]
 [ -72.56306   -140.39688  ]
 [  15.984491    63.578186 ]
 [-160.85162     68.945145 ]
 [  85.96183     51.922935 ]
 [ -99.020836   109.93635  ]
 [-176.76413     -8.681684 ]
 [-117.18988    -37.4202   ]
 [ 108.82992    -22.946203 ]
 [  47.588097   121.934814 ]
 [-106.467834    30.17689  ]
 [ -50.613804    59.328842 ]]"
dumbbell triceps extension,"[[ -10.878068    10.538728 ]
 [ -60.884026   -75.59182  ]
 [  -2.3361192  -53.289074 ]
 [ -61.38532    -12.914634 ]
 [ -28.737743   126.297    ]
 [   1.0666057 -123.55281  ]
 [  45.14072     -7.9478693]
 [-140.79597    -98.53055  ]
 [  61.53168    -83.24056  ]
 [ -72.56306   -140.39688  ]
 [  15.984491    63.578186 ]
 [-160.85162     68.945145 ]
 [  85.96183     51.922935 ]
 [ -99.020836   109.93635  ]
 [-176.76413     -8.681684 ]
 [-117.18988    -37.4202   ]
 [ 108.82992    -22.946203 ]
 [  47.588097   121.934814 ]
 [-106.467834    30.17689  ]
 [ -50.613804    59.328842 ]]"
dumbbell wrist twist,"[[ -74.67298   -233.53282  ]
 [ 158.55211    214.11696  ]
 [  63.37406   -143.70905  ]
 [-165.16966     53.09375  ]
 [-155.9881     166.4533   ]
 [  50.32732    -33.79631  ]
 [ -66.324936   108.77923  ]
 [-144.79782    -55.18585  ]
 [ 126.50639     27.038246 ]
 [ -56.487576    11.560015 ]
 [ 154.52853    -83.91426  ]
 [ 212.66154    111.23085  ]
 [-110.06098   -218.71884  ]
 [  53.199654   258.36038  ]
 [ 105.68953    123.248146 ]
 [ -62.278896   231.57907  ]
 [  17.032728   160.13739  ]
 [ 229.16812     -0.7590847]
 [  27.220503    60.27389  ]
 [ -35.08087    -86.28578  ]]"
dumbbells bent over row,"[[ -10.878068    10.538728 ]
 [ -60.884026   -75.59182  ]
 [  -2.3361192  -53.289074 ]
 [ -61.38532    -12.914634 ]
 [ -28.737743   126.297    ]
 [   1.0666057 -123.55281  ]
 [  45.14072     -7.9478693]
 [-140.79597    -98.53055  ]
 [  61.53168    -83.24056  ]
 [ -72.56306   -140.39688  ]
 [  15.984491    63.578186 ]
 [-160.85162     68.945145 ]
 [  85.96183     51.922935 ]
 [ -99.020836   109.93635  ]
 [-176.76413     -8.681684 ]
 [-117.18988    -37.4202   ]
 [ 108.82992    -22.946203 ]
 [  47.588097   121.934814 ]
 [-106.467834    30.17689  ]
 [ -50.613804    59.328842 ]]"
flat bench lying leg raise,"[[ -96.08852    23.861269]
 [ -68.365135  -29.44103 ]
 [  36.16189    58.0545  ]
 [  70.76543    25.034412]
 [  24.256285    9.703297]
 [ -64.933174 -119.61381 ]
 [  -4.775862   98.944214]
 [ -80.22744  -108.88832 ]
 [ -16.279676  -12.291352]
 [  65.97002   -21.935848]
 [ 116.25426    -4.949867]
 [  80.86333   -69.36561 ]
 [  -8.457552   45.954697]
 [  23.433624  -39.978943]
 [ 100.11523    64.6532  ]
 [  53.36333   104.47896 ]
 [ -46.85837    21.433905]
 [  25.899666  -91.675644]
 [ -22.696302  -61.805172]
 [ -55.824      75.20112 ]]"
front raises,"[[ -10.878068    10.538728 ]
 [ -60.884026   -75.59182  ]
 [  -2.3361192  -53.289074 ]
 [ -61.38532    -12.914634 ]
 [ -28.737743   126.297    ]
 [   1.0666057 -123.55281  ]
 [  45.14072     -7.9478693]
 [-140.79597    -98.53055  ]
 [  61.53168    -83.24056  ]
 [ -72.56306   -140.39688  ]
 [  15.984491    63.578186 ]
 [-160.85162     68.945145 ]
 [  85.96183     51.922935 ]
 [ -99.020836   109.93635  ]
 [-176.76413     -8.681684 ]
 [-117.18988    -37.4202   ]
 [ 108.82992    -22.946203 ]
 [  47.588097   121.934814 ]
 [-106.467834    30.17689  ]
 [ -50.613804    59.328842 ]]"
front squats,"[[ -10.878068    10.538728 ]
 [ -60.884026   -75.59182  ]
 [  -2.3361192  -53.289074 ]
 [ -61.38532    -12.914634 ]
 [ -28.737743   126.297    ]
 [   1.0666057 -123.55281  ]
 [  45.14072     -7.9478693]
 [-140.79597    -98.53055  ]
 [  61.53168    -83.24056  ]
 [ -72.56306   -140.39688  ]
 [  15.984491    63.578186 ]
 [-160.85162     68.945145 ]
 [  85.96183     51.922935 ]
 [ -99.020836   109.93635  ]
 [-176.76413     -8.681684 ]
 [-117.18988    -37.4202   ]
 [ 108.82992    -22.946203 ]
 [  47.588097   121.934814 ]
 [-106.467834    30.17689  ]
 [ -50.613804    59.328842 ]]"
front weighted raise,"[[-590.22864  -644.7723  ]
 [-860.52734  -245.45828 ]
 [-152.59734  -481.36267 ]
 [ 694.0675    328.58002 ]
 [ 431.7036    663.17865 ]
 [ -11.652481  -76.061714]
 [ 238.50401  -403.58142 ]
 [ 316.78113  -826.2111  ]
 [ 679.17883  -502.14633 ]
 [ 183.89633   270.32968 ]
 [-286.23563   219.51367 ]
 [-731.78076   184.15868 ]
 [-259.35513   775.55646 ]
 [-717.6962    626.0253  ]
 [-425.2712   -182.24677 ]
 [-158.58029  -908.176   ]
 [-129.23557   686.40564 ]
 [  80.24672  1103.0801  ]
 [ 882.5497    -75.75316 ]
 [ 437.82407   -58.55347 ]]"
good morning,"[[ -10.878068    10.538728 ]
 [ -60.884026   -75.59182  ]
 [  -2.3361192  -53.289074 ]
 [ -61.38532    -12.914634 ]
 [ -28.737743   126.297    ]
 [   1.0666057 -123.55281  ]
 [  45.14072     -7.9478693]
 [-140.79597    -98.53055  ]
 [  61.53168    -83.24056  ]
 [ -72.56306   -140.39688  ]
 [  15.984491    63.578186 ]
 [-160.85162     68.945145 ]
 [  85.96183     51.922935 ]
 [ -99.020836   109.93635  ]
 [-176.76413     -8.681684 ]
 [-117.18988    -37.4202   ]
 [ 108.82992    -22.946203 ]
 [  47.588097   121.934814 ]
 [-106.467834    30.17689  ]
 [ -50.613804    59.328842 ]]"
hack squats,"[[ -10.878068    10.538728 ]
 [ -60.884026   -75.59182  ]
 [  -2.3361192  -53.289074 ]
 [ -61.38532    -12.914634 ]
 [ -28.737743   126.297    ]
 [   1.0666057 -123.55281  ]
 [  45.14072     -7.9478693]
 [-140.79597    -98.53055  ]
 [  61.53168    -83.24056  ]
 [ -72.56306   -140.39688  ]
 [  15.984491    63.578186 ]
 [-160.85162     68.945145 ]
 [  85.96183     51.922935 ]
 [ -99.020836   109.93635  ]
 [-176.76413     -8.681684 ]
 [-117.18988    -37.4202   ]
 [ 108.82992    -22.946203 ]
 [  47.588097   121.934814 ]
 [-106.467834    30.17689  ]
 [ -50.613804    59.328842 ]]"
hammer grip standing,"[[ -10.878068    10.538728 ]
 [ -60.884026   -75.59182  ]
 [  -2.3361192  -53.289074 ]
 [ -61.38532    -12.914634 ]
 [ -28.737743   126.297    ]
 [   1.0666057 -123.55281  ]
 [  45.14072     -7.9478693]
 [-140.79597    -98.53055  ]
 [  61.53168    -83.24056  ]
 [ -72.56306   -140.39688  ]
 [  15.984491    63.578186 ]
 [-160.85162     68.945145 ]
 [  85.96183     51.922935 ]
 [ -99.020836   109.93635  ]
 [-176.76413     -8.681684 ]
 [-117.18988    -37.4202   ]
 [ 108.82992    -22.946203 ]
 [  47.588097   121.934814 ]
 [-106.467834    30.17689  ]
 [ -50.613804    59.328842 ]]"
hanging leg raises,"[[ -10.878068    10.538728 ]
 [ -60.884026   -75.59182  ]
 [  -2.3361192  -53.289074 ]
 [ -61.38532    -12.914634 ]
 [ -28.737743   126.297    ]
 [   1.0666057 -123.55281  ]
 [  45.14072     -7.9478693]
 [-140.79597    -98.53055  ]
 [  61.53168    -83.24056  ]
 [ -72.56306   -140.39688  ]
 [  15.984491    63.578186 ]
 [-160.85162     68.945145 ]
 [  85.96183     51.922935 ]
 [ -99.020836   109.93635  ]
 [-176.76413     -8.681684 ]
 [-117.18988    -37.4202   ]
 [ 108.82992    -22.946203 ]
 [  47.588097   121.934814 ]
 [-106.467834    30.17689  ]
 [ -50.613804    59.328842 ]]"
hummer curls,"[[ -10.878068    10.538728 ]
 [ -60.884026   -75.59182  ]
 [  -2.3361192  -53.289074 ]
 [ -61.38532    -12.914634 ]
 [ -28.737743   126.297    ]
 [   1.0666057 -123.55281  ]
 [  45.14072     -7.9478693]
 [-140.79597    -98.53055  ]
 [  61.53168    -83.24056  ]
 [ -72.56306   -140.39688  ]
 [  15.984491    63.578186 ]
 [-160.85162     68.945145 ]
 [  85.96183     51.922935 ]
 [ -99.020836   109.93635  ]
 [-176.76413     -8.681684 ]
 [-117.18988    -37.4202   ]
 [ 108.82992    -22.946203 ]
 [  47.588097   121.934814 ]
 [-106.467834    30.17689  ]
 [ -50.613804    59.328842 ]]"
incline bench sit-ups,"[[ -10.878068    10.538728 ]
 [ -60.884026   -75.59182  ]
 [  -2.3361192  -53.289074 ]
 [ -61.38532    -12.914634 ]
 [ -28.737743   126.297    ]
 [   1.0666057 -123.55281  ]
 [  45.14072     -7.9478693]
 [-140.79597    -98.53055  ]
 [  61.53168    -83.24056  ]
 [ -72.56306   -140.39688  ]
 [  15.984491    63.578186 ]
 [-160.85162     68.945145 ]
 [  85.96183     51.922935 ]
 [ -99.020836   109.93635  ]
 [-176.76413     -8.681684 ]
 [-117.18988    -37.4202   ]
 [ 108.82992    -22.946203 ]
 [  47.588097   121.934814 ]
 [-106.467834    30.17689  ]
 [ -50.613804    59.328842 ]]"
incline presses,"[[ -10.878068    10.538728 ]
 [ -60.884026   -75.59182  ]
 [  -2.3361192  -53.289074 ]
 [ -61.38532    -12.914634 ]
 [ -28.737743   126.297    ]
 [   1.0666057 -123.55281  ]
 [  45.14072     -7.9478693]
 [-140.79597    -98.53055  ]
 [  61.53168    -83.24056  ]
 [ -72.56306   -140.39688  ]
 [  15.984491    63.578186 ]
 [-160.85162     68.945145 ]
 [  85.96183     51.922935 ]
 [ -99.020836   109.93635  ]
 [-176.76413     -8.681684 ]
 [-117.18988    -37.4202   ]
 [ 108.82992    -22.946203 ]
 [  47.588097   121.934814 ]
 [-106.467834    30.17689  ]
 [ -50.613804    59.328842 ]]"
incline pushup,"[[ -10.878068    10.538728 ]
 [ -60.884026   -75.59182  ]
 [  -2.3361192  -53.289074 ]
 [ -61.38532    -12.914634 ]
 [ -28.737743   126.297    ]
 [   1.0666057 -123.55281  ]
 [  45.14072     -7.9478693]
 [-140.79597    -98.53055  ]
 [  61.53168    -83.24056  ]
 [ -72.56306   -140.39688  ]
 [  15.984491    63.578186 ]
 [-160.85162     68.945145 ]
 [  85.96183     51.922935 ]
 [ -99.020836   109.93635  ]
 [-176.76413     -8.681684 ]
 [-117.18988    -37.4202   ]
 [ 108.82992    -22.946203 ]
 [  47.588097   121.934814 ]
 [-106.467834    30.17689  ]
 [ -50.613804    59.328842 ]]"
lat pull-downs,"[[ -10.878068    10.538728 ]
 [ -60.884026   -75.59182  ]
 [  -2.3361192  -53.289074 ]
 [ -61.38532    -12.914634 ]
 [ -28.737743   126.297    ]
 [   1.0666057 -123.55281  ]
 [  45.14072     -7.9478693]
 [-140.79597    -98.53055  ]
 [  61.53168    -83.24056  ]
 [ -72.56306   -140.39688  ]
 [  15.984491    63.578186 ]
 [-160.85162     68.945145 ]
 [  85.96183     51.922935 ]
 [ -99.020836   109.93635  ]
 [-176.76413     -8.681684 ]
 [-117.18988    -37.4202   ]
 [ 108.82992    -22.946203 ]
 [  47.588097   121.934814 ]
 [-106.467834    30.17689  ]
 [ -50.613804    59.328842 ]]"
lateral raises,"[[ -10.878068    10.538728 ]
 [ -60.884026   -75.59182  ]
 [  -2.3361192  -53.289074 ]
 [ -61.38532    -12.914634 ]
 [ -28.737743   126.297    ]
 [   1.0666057 -123.55281  ]
 [  45.14072     -7.9478693]
 [-140.79597    -98.53055  ]
 [  61.53168    -83.24056  ]
 [ -72.56306   -140.39688  ]
 [  15.984491    63.578186 ]
 [-160.85162     68.945145 ]
 [  85.96183     51.922935 ]
 [ -99.020836   109.93635  ]
 [-176.76413     -8.681684 ]
 [-117.18988    -37.4202   ]
 [ 108.82992    -22.946203 ]
 [  47.588097   121.934814 ]
 [-106.467834    30.17689  ]
 [ -50.613804    59.328842 ]]"
lateral weighted raise,"[[-457.88513   -333.97235  ]
 [ 190.20868    227.13327  ]
 [-311.69928    186.56915  ]
 [ 485.42435   -266.15402  ]
 [ 231.45973   -263.67593  ]
 [ -56.49719    250.17642  ]
 [-197.71898   -497.83762  ]
 [-217.00003   -192.81673  ]
 [-282.499      454.33734  ]
 [-575.70654    177.54079  ]
 [ 283.9763      -0.9242106]
 [  42.83685    489.51675  ]
 [ 531.8206     452.52017  ]
 [ 140.6198    -531.32635  ]
 [-136.83044     29.490229 ]
 [-431.75308    -60.31634  ]
 [ 460.4645     518.1128   ]
 [ -10.91197   -303.76328  ]
 [  61.995598   -55.30579  ]
 [ 524.49        59.363358 ]]"
leg extensions,"[[ -10.878068    10.538728 ]
 [ -60.884026   -75.59182  ]
 [  -2.3361192  -53.289074 ]
 [ -61.38532    -12.914634 ]
 [ -28.737743   126.297    ]
 [   1.0666057 -123.55281  ]
 [  45.14072     -7.9478693]
 [-140.79597    -98.53055  ]
 [  61.53168    -83.24056  ]
 [ -72.56306   -140.39688  ]
 [  15.984491    63.578186 ]
 [-160.85162     68.945145 ]
 [  85.96183     51.922935 ]
 [ -99.020836   109.93635  ]
 [-176.76413     -8.681684 ]
 [-117.18988    -37.4202   ]
 [ 108.82992    -22.946203 ]
 [  47.588097   121.934814 ]
 [-106.467834    30.17689  ]
 [ -50.613804    59.328842 ]]"
leg raises,"[[ -10.878068    10.538728 ]
 [ -60.884026   -75.59182  ]
 [  -2.3361192  -53.289074 ]
 [ -61.38532    -12.914634 ]
 [ -28.737743   126.297    ]
 [   1.0666057 -123.55281  ]
 [  45.14072     -7.9478693]
 [-140.79597    -98.53055  ]
 [  61.53168    -83.24056  ]
 [ -72.56306   -140.39688  ]
 [  15.984491    63.578186 ]
 [-160.85162     68.945145 ]
 [  85.96183     51.922935 ]
 [ -99.020836   109.93635  ]
 [-176.76413     -8.681684 ]
 [-117.18988    -37.4202   ]
 [ 108.82992    -22.946203 ]
 [  47.588097   121.934814 ]
 [-106.467834    30.17689  ]
 [ -50.613804    59.328842 ]]"
low pulley bent-over lateral raises,"[[ -10.878068    10.538728 ]
 [ -60.884026   -75.59182  ]
 [  -2.3361192  -53.289074 ]
 [ -61.38532    -12.914634 ]
 [ -28.737743   126.297    ]
 [   1.0666057 -123.55281  ]
 [  45.14072     -7.9478693]
 [-140.79597    -98.53055  ]
 [  61.53168    -83.24056  ]
 [ -72.56306   -140.39688  ]
 [  15.984491    63.578186 ]
 [-160.85162     68.945145 ]
 [  85.96183     51.922935 ]
 [ -99.020836   109.93635  ]
 [-176.76413     -8.681684 ]
 [-117.18988    -37.4202   ]
 [ 108.82992    -22.946203 ]
 [  47.588097   121.934814 ]
 [-106.467834    30.17689  ]
 [ -50.613804    59.328842 ]]"
low pulley cable crossover,"[[  30.386272   320.5496   ]
 [  14.737839    22.541103 ]
 [  90.7571    -148.8103   ]
 [-177.5026      64.38888  ]
 [  26.320538   119.9331   ]
 [ 108.309845   182.61641  ]
 [ 100.12769    -34.384617 ]
 [ 208.82411    135.28583  ]
 [  30.023582   265.1872   ]
 [-194.00954    -45.742256 ]
 [ -71.57104     85.492874 ]
 [   1.6331494  -77.063866 ]
 [-108.44009   -120.43715  ]
 [-156.42831    175.70517  ]
 [ -18.156343  -188.30438  ]
 [ -82.61288    -13.474196 ]
 [ -48.25855    189.61215  ]
 [ 211.73251     17.737646 ]
 [ 194.12628    -96.1878   ]
 [ 113.09443     67.36683  ]]"
low pulley curls,"[[ -10.878068    10.538728 ]
 [ -60.884026   -75.59182  ]
 [  -2.3361192  -53.289074 ]
 [ -61.38532    -12.914634 ]
 [ -28.737743   126.297    ]
 [   1.0666057 -123.55281  ]
 [  45.14072     -7.9478693]
 [-140.79597    -98.53055  ]
 [  61.53168    -83.24056  ]
 [ -72.56306   -140.39688  ]
 [  15.984491    63.578186 ]
 [-160.85162     68.945145 ]
 [  85.96183     51.922935 ]
 [ -99.020836   109.93635  ]
 [-176.76413     -8.681684 ]
 [-117.18988    -37.4202   ]
 [ 108.82992    -22.946203 ]
 [  47.588097   121.934814 ]
 [-106.467834    30.17689  ]
 [ -50.613804    59.328842 ]]"
low pulley front raises,"[[ -10.878068    10.538728 ]
 [ -60.884026   -75.59182  ]
 [  -2.3361192  -53.289074 ]
 [ -61.38532    -12.914634 ]
 [ -28.737743   126.297    ]
 [   1.0666057 -123.55281  ]
 [  45.14072     -7.9478693]
 [-140.79597    -98.53055  ]
 [  61.53168    -83.24056  ]
 [ -72.56306   -140.39688  ]
 [  15.984491    63.578186 ]
 [-160.85162     68.945145 ]
 [  85.96183     51.922935 ]
 [ -99.020836   109.93635  ]
 [-176.76413     -8.681684 ]
 [-117.18988    -37.4202   ]
 [ 108.82992    -22.946203 ]
 [  47.588097   121.934814 ]
 [-106.467834    30.17689  ]
 [ -50.613804    59.328842 ]]"
low-pulley lateral raises,"[[ -10.878068    10.538728 ]
 [ -60.884026   -75.59182  ]
 [  -2.3361192  -53.289074 ]
 [ -61.38532    -12.914634 ]
 [ -28.737743   126.297    ]
 [   1.0666057 -123.55281  ]
 [  45.14072     -7.9478693]
 [-140.79597    -98.53055  ]
 [  61.53168    -83.24056  ]
 [ -72.56306   -140.39688  ]
 [  15.984491    63.578186 ]
 [-160.85162     68.945145 ]
 [  85.96183     51.922935 ]
 [ -99.020836   109.93635  ]
 [-176.76413     -8.681684 ]
 [-117.18988    -37.4202   ]
 [ 108.82992    -22.946203 ]
 [  47.588097   121.934814 ]
 [-106.467834    30.17689  ]
 [ -50.613804    59.328842 ]]"
lying single arm pushup,"[[ -10.878068    10.538728 ]
 [ -60.884026   -75.59182  ]
 [  -2.3361192  -53.289074 ]
 [ -61.38532    -12.914634 ]
 [ -28.737743   126.297    ]
 [   1.0666057 -123.55281  ]
 [  45.14072     -7.9478693]
 [-140.79597    -98.53055  ]
 [  61.53168    -83.24056  ]
 [ -72.56306   -140.39688  ]
 [  15.984491    63.578186 ]
 [-160.85162     68.945145 ]
 [  85.96183     51.922935 ]
 [ -99.020836   109.93635  ]
 [-176.76413     -8.681684 ]
 [-117.18988    -37.4202   ]
 [ 108.82992    -22.946203 ]
 [  47.588097   121.934814 ]
 [-106.467834    30.17689  ]
 [ -50.613804    59.328842 ]]"
medicine ball pushup,"[[ 1.24380669e+02 -9.97527084e+01]
 [-1.59861475e-01  1.81355103e+02]
 [ 1.23463341e+02  4.19370613e+01]
 [-2.57675114e+01  1.78468384e+02]
 [-1.51232080e+01 -1.61136505e+02]
 [ 4.59457703e+01  2.87777081e+01]
 [-7.86196671e+01 -1.15746124e+02]
 [ 1.41918898e+01 -2.81050682e+01]
 [-7.45462341e+01  7.91155701e+01]
 [ 5.50773964e+01 -8.16842499e+01]
 [-9.28025436e+00 -9.11931915e+01]
 [ 1.55072296e+02 -2.80542889e+01]
 [ 7.43903503e+01  9.70010757e+01]
 [-5.44884758e+01 -4.18600349e+01]
 [ 9.62078810e-01  7.89690933e+01]
 [-1.06962540e+02  1.45555706e+01]
 [ 6.16480827e+01 -1.51545349e+02]
 [ 8.49294891e+01 -2.36887627e+01]
 [-3.03673458e+01  1.91912479e+01]
 [-1.26485573e+02 -5.69239731e+01]]"
military press behind the neck,"[[ -10.878068    10.538728 ]
 [ -60.884026   -75.59182  ]
 [  -2.3361192  -53.289074 ]
 [ -61.38532    -12.914634 ]
 [ -28.737743   126.297    ]
 [   1.0666057 -123.55281  ]
 [  45.14072     -7.9478693]
 [-140.79597    -98.53055  ]
 [  61.53168    -83.24056  ]
 [ -72.56306   -140.39688  ]
 [  15.984491    63.578186 ]
 [-160.85162     68.945145 ]
 [  85.96183     51.922935 ]
 [ -99.020836   109.93635  ]
 [-176.76413     -8.681684 ]
 [-117.18988    -37.4202   ]
 [ 108.82992    -22.946203 ]
 [  47.588097   121.934814 ]
 [-106.467834    30.17689  ]
 [ -50.613804    59.328842 ]]"
modified pushup,"[[  80.48081    -70.59476  ]
 [-102.938705     5.2026963]
 [ -31.459074    16.489227 ]
 [-111.97735     79.73274  ]
 [ -70.552246   145.38527  ]
 [  -9.05325    192.15092  ]
 [   7.844949   122.57552  ]
 [ 176.3904     150.77858  ]
 [ -39.581493    78.4221   ]
 [  71.788155   113.302864 ]
 [   8.6795025  -95.48384  ]
 [  17.620361   -22.872965 ]
 [  28.02273     55.314358 ]
 [  73.00254      7.033558 ]
 [ 137.0865     -25.485725 ]
 [ 171.58368     40.375835 ]
 [ 105.60345     61.252857 ]
 [ 146.44495    129.86172  ]
 [ -56.528328   -54.811867 ]
 [  68.634544   183.64989  ]]"
one arm reverse pushdown,"[[ -10.878068    10.538728 ]
 [ -60.884026   -75.59182  ]
 [  -2.3361192  -53.289074 ]
 [ -61.38532    -12.914634 ]
 [ -28.737743   126.297    ]
 [   1.0666057 -123.55281  ]
 [  45.14072     -7.9478693]
 [-140.79597    -98.53055  ]
 [  61.53168    -83.24056  ]
 [ -72.56306   -140.39688  ]
 [  15.984491    63.578186 ]
 [-160.85162     68.945145 ]
 [  85.96183     51.922935 ]
 [ -99.020836   109.93635  ]
 [-176.76413     -8.681684 ]
 [-117.18988    -37.4202   ]
 [ 108.82992    -22.946203 ]
 [  47.588097   121.934814 ]
 [-106.467834    30.17689  ]
 [ -50.613804    59.328842 ]]"
one arm side deadlift,"[[ -10.878068    10.538728 ]
 [ -60.884026   -75.59182  ]
 [  -2.3361192  -53.289074 ]
 [ -61.38532    -12.914634 ]
 [ -28.737743   126.297    ]
 [   1.0666057 -123.55281  ]
 [  45.14072     -7.9478693]
 [-140.79597    -98.53055  ]
 [  61.53168    -83.24056  ]
 [ -72.56306   -140.39688  ]
 [  15.984491    63.578186 ]
 [-160.85162     68.945145 ]
 [  85.96183     51.922935 ]
 [ -99.020836   109.93635  ]
 [-176.76413     -8.681684 ]
 [-117.18988    -37.4202   ]
 [ 108.82992    -22.946203 ]
 [  47.588097   121.934814 ]
 [-106.467834    30.17689  ]
 [ -50.613804    59.328842 ]]"
one-arm dumbbell rows,"[[ -10.878068    10.538728 ]
 [ -60.884026   -75.59182  ]
 [  -2.3361192  -53.289074 ]
 [ -61.38532    -12.914634 ]
 [ -28.737743   126.297    ]
 [   1.0666057 -123.55281  ]
 [  45.14072     -7.9478693]
 [-140.79597    -98.53055  ]
 [  61.53168    -83.24056  ]
 [ -72.56306   -140.39688  ]
 [  15.984491    63.578186 ]
 [-160.85162     68.945145 ]
 [  85.96183     51.922935 ]
 [ -99.020836   109.93635  ]
 [-176.76413     -8.681684 ]
 [-117.18988    -37.4202   ]
 [ 108.82992    -22.946203 ]
 [  47.588097   121.934814 ]
 [-106.467834    30.17689  ]
 [ -50.613804    59.328842 ]]"
one-arm dumbbell triceps extensions,"[[ -10.878068    10.538728 ]
 [ -60.884026   -75.59182  ]
 [  -2.3361192  -53.289074 ]
 [ -61.38532    -12.914634 ]
 [ -28.737743   126.297    ]
 [   1.0666057 -123.55281  ]
 [  45.14072     -7.9478693]
 [-140.79597    -98.53055  ]
 [  61.53168    -83.24056  ]
 [ -72.56306   -140.39688  ]
 [  15.984491    63.578186 ]
 [-160.85162     68.945145 ]
 [  85.96183     51.922935 ]
 [ -99.020836   109.93635  ]
 [-176.76413     -8.681684 ]
 [-117.18988    -37.4202   ]
 [ 108.82992    -22.946203 ]
 [  47.588097   121.934814 ]
 [-106.467834    30.17689  ]
 [ -50.613804    59.328842 ]]"
one-leg toe raises,"[[ -10.878068    10.538728 ]
 [ -60.884026   -75.59182  ]
 [  -2.3361192  -53.289074 ]
 [ -61.38532    -12.914634 ]
 [ -28.737743   126.297    ]
 [   1.0666057 -123.55281  ]
 [  45.14072     -7.9478693]
 [-140.79597    -98.53055  ]
 [  61.53168    -83.24056  ]
 [ -72.56306   -140.39688  ]
 [  15.984491    63.578186 ]
 [-160.85162     68.945145 ]
 [  85.96183     51.922935 ]
 [ -99.020836   109.93635  ]
 [-176.76413     -8.681684 ]
 [-117.18988    -37.4202   ]
 [ 108.82992    -22.946203 ]
 [  47.588097   121.934814 ]
 [-106.467834    30.17689  ]
 [ -50.613804    59.328842 ]]"
parallel bar dips,"[[ 236.73035   -463.0561   ]
 [ -95.00273   -268.36975  ]
 [ 362.59415     81.34955  ]
 [ 271.1462    -265.29562  ]
 [-244.71416    400.58655  ]
 [-190.61111    107.56485  ]
 [-212.17305   -427.96896  ]
 [-355.8647     -21.36377  ]
 [-315.7593    -235.54398  ]
 [ 150.86803     82.21847  ]
 [  49.26378   -136.37263  ]
 [  85.362724  -311.88107  ]
 [ -18.370258    25.23459  ]
 [   1.0847737 -491.76358  ]
 [ 221.91898    -83.93821  ]
 [ 429.4269    -140.89185  ]
 [ 208.55038    272.44287  ]
 [-157.98553    -97.24302  ]
 [-305.79764    360.9554   ]
 [  -8.201905   229.42215  ]]"
pec deck files,"[[ -10.878068    10.538728 ]
 [ -60.884026   -75.59182  ]
 [  -2.3361192  -53.289074 ]
 [ -61.38532    -12.914634 ]
 [ -28.737743   126.297    ]
 [   1.0666057 -123.55281  ]
 [  45.14072     -7.9478693]
 [-140.79597    -98.53055  ]
 [  61.53168    -83.24056  ]
 [ -72.56306   -140.39688  ]
 [  15.984491    63.578186 ]
 [-160.85162     68.945145 ]
 [  85.96183     51.922935 ]
 [ -99.020836   109.93635  ]
 [-176.76413     -8.681684 ]
 [-117.18988    -37.4202   ]
 [ 108.82992    -22.946203 ]
 [  47.588097   121.934814 ]
 [-106.467834    30.17689  ]
 [ -50.613804    59.328842 ]]"
pec deck rear-delt laterals,"[[ -10.878068    10.538728 ]
 [ -60.884026   -75.59182  ]
 [  -2.3361192  -53.289074 ]
 [ -61.38532    -12.914634 ]
 [ -28.737743   126.297    ]
 [   1.0666057 -123.55281  ]
 [  45.14072     -7.9478693]
 [-140.79597    -98.53055  ]
 [  61.53168    -83.24056  ]
 [ -72.56306   -140.39688  ]
 [  15.984491    63.578186 ]
 [-160.85162     68.945145 ]
 [  85.96183     51.922935 ]
 [ -99.020836   109.93635  ]
 [-176.76413     -8.681684 ]
 [-117.18988    -37.4202   ]
 [ 108.82992    -22.946203 ]
 [  47.588097   121.934814 ]
 [-106.467834    30.17689  ]
 [ -50.613804    59.328842 ]]"
power squats,"[[ -0.29577607  22.733387  ]
 [  1.7761666  -42.572655  ]
 [ 35.245678    -8.723167  ]
 [ 15.063787    11.163298  ]
 [-31.872663    48.769115  ]
 [-50.141098    -1.7301371 ]
 [ 20.83368     33.889084  ]
 [-18.54143     17.866856  ]
 [ -5.1609454    1.5340233 ]
 [-21.266565   -36.875366  ]
 [-41.322666    19.517778  ]
 [ 22.282412   -29.113514  ]
 [ 13.585138    -7.791758  ]
 [-26.00677     39.39561   ]
 [ 36.140556    14.968115  ]
 [ -0.15542811 -21.235537  ]
 [-28.101633     0.96927947]
 [-17.919203   -14.849463  ]
 [ -0.73178977  43.95025   ]
 [-39.168903   -22.017645  ]]"
preacher curls,"[[ -10.878068    10.538728 ]
 [ -60.884026   -75.59182  ]
 [  -2.3361192  -53.289074 ]
 [ -61.38532    -12.914634 ]
 [ -28.737743   126.297    ]
 [   1.0666057 -123.55281  ]
 [  45.14072     -7.9478693]
 [-140.79597    -98.53055  ]
 [  61.53168    -83.24056  ]
 [ -72.56306   -140.39688  ]
 [  15.984491    63.578186 ]
 [-160.85162     68.945145 ]
 [  85.96183     51.922935 ]
 [ -99.020836   109.93635  ]
 [-176.76413     -8.681684 ]
 [-117.18988    -37.4202   ]
 [ 108.82992    -22.946203 ]
 [  47.588097   121.934814 ]
 [-106.467834    30.17689  ]
 [ -50.613804    59.328842 ]]"
push-downs,"[[ -10.878068    10.538728 ]
 [ -60.884026   -75.59182  ]
 [  -2.3361192  -53.289074 ]
 [ -61.38532    -12.914634 ]
 [ -28.737743   126.297    ]
 [   1.0666057 -123.55281  ]
 [  45.14072     -7.9478693]
 [-140.79597    -98.53055  ]
 [  61.53168    -83.24056  ]
 [ -72.56306   -140.39688  ]
 [  15.984491    63.578186 ]
 [-160.85162     68.945145 ]
 [  85.96183     51.922935 ]
 [ -99.020836   109.93635  ]
 [-176.76413     -8.681684 ]
 [-117.18988    -37.4202   ]
 [ 108.82992    -22.946203 ]
 [  47.588097   121.934814 ]
 [-106.467834    30.17689  ]
 [ -50.613804    59.328842 ]]"
push-ups,"[[  72.22937    -24.644667 ]
 [  64.52383     48.439575 ]
 [ 174.50757    113.373856 ]
 [ -85.64575    -32.55869  ]
 [  -2.9541426 -170.80692  ]
 [ 138.99016     89.311424 ]
 [ 153.72572     -4.8331547]
 [  40.46466    -90.38918  ]
 [ -42.40251    145.11566  ]
 [ -33.999527   -85.77938  ]
 [  48.776546   138.90935  ]
 [ 135.61168    -87.60782  ]
 [ -75.26407     41.941193 ]
 [ -89.70763   -148.41165  ]
 [-126.69235    106.39974  ]
 [  -6.9003897   68.64973  ]
 [-162.24957     14.740656 ]
 [  87.482445  -161.26947  ]
 [  -4.797057   -10.64603  ]
 [-152.12346    -81.96969  ]]"
reverse chin ups,"[[ -10.878068    10.538728 ]
 [ -60.884026   -75.59182  ]
 [  -2.3361192  -53.289074 ]
 [ -61.38532    -12.914634 ]
 [ -28.737743   126.297    ]
 [   1.0666057 -123.55281  ]
 [  45.14072     -7.9478693]
 [-140.79597    -98.53055  ]
 [  61.53168    -83.24056  ]
 [ -72.56306   -140.39688  ]
 [  15.984491    63.578186 ]
 [-160.85162     68.945145 ]
 [  85.96183     51.922935 ]
 [ -99.020836   109.93635  ]
 [-176.76413     -8.681684 ]
 [-117.18988    -37.4202   ]
 [ 108.82992    -22.946203 ]
 [  47.588097   121.934814 ]
 [-106.467834    30.17689  ]
 [ -50.613804    59.328842 ]]"
reverse curls,"[[ -10.878068    10.538728 ]
 [ -60.884026   -75.59182  ]
 [  -2.3361192  -53.289074 ]
 [ -61.38532    -12.914634 ]
 [ -28.737743   126.297    ]
 [   1.0666057 -123.55281  ]
 [  45.14072     -7.9478693]
 [-140.79597    -98.53055  ]
 [  61.53168    -83.24056  ]
 [ -72.56306   -140.39688  ]
 [  15.984491    63.578186 ]
 [-160.85162     68.945145 ]
 [  85.96183     51.922935 ]
 [ -99.020836   109.93635  ]
 [-176.76413     -8.681684 ]
 [-117.18988    -37.4202   ]
 [ 108.82992    -22.946203 ]
 [  47.588097   121.934814 ]
 [-106.467834    30.17689  ]
 [ -50.613804    59.328842 ]]"
rotating t extension,"[[ 366.0346    349.87854 ]
 [ 224.69298  -261.29587 ]
 [ -50.467632  293.23148 ]
 [-222.74763   -53.94863 ]
 [-438.37436  -180.6089  ]
 [-455.77115   308.31882 ]
 [ 144.2744    436.6414  ]
 [ 151.56854   193.93274 ]
 [ 610.42017  -116.20945 ]
 [-457.0276     63.48995 ]
 [ 572.6142   -193.83249 ]
 [ -15.236153 -154.5096  ]
 [ 180.69597   -35.562458]
 [   9.032863 -399.51196 ]
 [ -54.01993   567.0637  ]
 [ -31.218304   67.01002 ]
 [-221.16547  -303.06534 ]
 [-249.163     425.50793 ]
 [-236.94795   170.10954 ]
 [ 369.23557    98.21869 ]]"
russian twist,"[[ -10.878068    10.538728 ]
 [ -60.884026   -75.59182  ]
 [  -2.3361192  -53.289074 ]
 [ -61.38532    -12.914634 ]
 [ -28.737743   126.297    ]
 [   1.0666057 -123.55281  ]
 [  45.14072     -7.9478693]
 [-140.79597    -98.53055  ]
 [  61.53168    -83.24056  ]
 [ -72.56306   -140.39688  ]
 [  15.984491    63.578186 ]
 [-160.85162     68.945145 ]
 [  85.96183     51.922935 ]
 [ -99.020836   109.93635  ]
 [-176.76413     -8.681684 ]
 [-117.18988    -37.4202   ]
 [ 108.82992    -22.946203 ]
 [  47.588097   121.934814 ]
 [-106.467834    30.17689  ]
 [ -50.613804    59.328842 ]]"
seated bent over row,"[[ -10.878068    10.538728 ]
 [ -60.884026   -75.59182  ]
 [  -2.3361192  -53.289074 ]
 [ -61.38532    -12.914634 ]
 [ -28.737743   126.297    ]
 [   1.0666057 -123.55281  ]
 [  45.14072     -7.9478693]
 [-140.79597    -98.53055  ]
 [  61.53168    -83.24056  ]
 [ -72.56306   -140.39688  ]
 [  15.984491    63.578186 ]
 [-160.85162     68.945145 ]
 [  85.96183     51.922935 ]
 [ -99.020836   109.93635  ]
 [-176.76413     -8.681684 ]
 [-117.18988    -37.4202   ]
 [ 108.82992    -22.946203 ]
 [  47.588097   121.934814 ]
 [-106.467834    30.17689  ]
 [ -50.613804    59.328842 ]]"
seated calf raises,"[[ -10.878068    10.538728 ]
 [ -60.884026   -75.59182  ]
 [  -2.3361192  -53.289074 ]
 [ -61.38532    -12.914634 ]
 [ -28.737743   126.297    ]
 [   1.0666057 -123.55281  ]
 [  45.14072     -7.9478693]
 [-140.79597    -98.53055  ]
 [  61.53168    -83.24056  ]
 [ -72.56306   -140.39688  ]
 [  15.984491    63.578186 ]
 [-160.85162     68.945145 ]
 [  85.96183     51.922935 ]
 [ -99.020836   109.93635  ]
 [-176.76413     -8.681684 ]
 [-117.18988    -37.4202   ]
 [ 108.82992    -22.946203 ]
 [  47.588097   121.934814 ]
 [-106.467834    30.17689  ]
 [ -50.613804    59.328842 ]]"
seated dumbbell front raise,"[[ -10.878068    10.538728 ]
 [ -60.884026   -75.59182  ]
 [  -2.3361192  -53.289074 ]
 [ -61.38532    -12.914634 ]
 [ -28.737743   126.297    ]
 [   1.0666057 -123.55281  ]
 [  45.14072     -7.9478693]
 [-140.79597    -98.53055  ]
 [  61.53168    -83.24056  ]
 [ -72.56306   -140.39688  ]
 [  15.984491    63.578186 ]
 [-160.85162     68.945145 ]
 [  85.96183     51.922935 ]
 [ -99.020836   109.93635  ]
 [-176.76413     -8.681684 ]
 [-117.18988    -37.4202   ]
 [ 108.82992    -22.946203 ]
 [  47.588097   121.934814 ]
 [-106.467834    30.17689  ]
 [ -50.613804    59.328842 ]]"
seated dumbbell presses,"[[ -10.878068    10.538728 ]
 [ -60.884026   -75.59182  ]
 [  -2.3361192  -53.289074 ]
 [ -61.38532    -12.914634 ]
 [ -28.737743   126.297    ]
 [   1.0666057 -123.55281  ]
 [  45.14072     -7.9478693]
 [-140.79597    -98.53055  ]
 [  61.53168    -83.24056  ]
 [ -72.56306   -140.39688  ]
 [  15.984491    63.578186 ]
 [-160.85162     68.945145 ]
 [  85.96183     51.922935 ]
 [ -99.020836   109.93635  ]
 [-176.76413     -8.681684 ]
 [-117.18988    -37.4202   ]
 [ 108.82992    -22.946203 ]
 [  47.588097   121.934814 ]
 [-106.467834    30.17689  ]
 [ -50.613804    59.328842 ]]"
seated front presses,"[[ -10.878068    10.538728 ]
 [ -60.884026   -75.59182  ]
 [  -2.3361192  -53.289074 ]
 [ -61.38532    -12.914634 ]
 [ -28.737743   126.297    ]
 [   1.0666057 -123.55281  ]
 [  45.14072     -7.9478693]
 [-140.79597    -98.53055  ]
 [  61.53168    -83.24056  ]
 [ -72.56306   -140.39688  ]
 [  15.984491    63.578186 ]
 [-160.85162     68.945145 ]
 [  85.96183     51.922935 ]
 [ -99.020836   109.93635  ]
 [-176.76413     -8.681684 ]
 [-117.18988    -37.4202   ]
 [ 108.82992    -22.946203 ]
 [  47.588097   121.934814 ]
 [-106.467834    30.17689  ]
 [ -50.613804    59.328842 ]]"
seated jackknife,"[[ -10.878068    10.538728 ]
 [ -60.884026   -75.59182  ]
 [  -2.3361192  -53.289074 ]
 [ -61.38532    -12.914634 ]
 [ -28.737743   126.297    ]
 [   1.0666057 -123.55281  ]
 [  45.14072     -7.9478693]
 [-140.79597    -98.53055  ]
 [  61.53168    -83.24056  ]
 [ -72.56306   -140.39688  ]
 [  15.984491    63.578186 ]
 [-160.85162     68.945145 ]
 [  85.96183     51.922935 ]
 [ -99.020836   109.93635  ]
 [-176.76413     -8.681684 ]
 [-117.18988    -37.4202   ]
 [ 108.82992    -22.946203 ]
 [  47.588097   121.934814 ]
 [-106.467834    30.17689  ]
 [ -50.613804    59.328842 ]]"
seated leg curls,"[[ -10.878068    10.538728 ]
 [ -60.884026   -75.59182  ]
 [  -2.3361192  -53.289074 ]
 [ -61.38532    -12.914634 ]
 [ -28.737743   126.297    ]
 [   1.0666057 -123.55281  ]
 [  45.14072     -7.9478693]
 [-140.79597    -98.53055  ]
 [  61.53168    -83.24056  ]
 [ -72.56306   -140.39688  ]
 [  15.984491    63.578186 ]
 [-160.85162     68.945145 ]
 [  85.96183     51.922935 ]
 [ -99.020836   109.93635  ]
 [-176.76413     -8.681684 ]
 [-117.18988    -37.4202   ]
 [ 108.82992    -22.946203 ]
 [  47.588097   121.934814 ]
 [-106.467834    30.17689  ]
 [ -50.613804    59.328842 ]]"
seated rows,"[[ -10.878068    10.538728 ]
 [ -60.884026   -75.59182  ]
 [  -2.3361192  -53.289074 ]
 [ -61.38532    -12.914634 ]
 [ -28.737743   126.297    ]
 [   1.0666057 -123.55281  ]
 [  45.14072     -7.9478693]
 [-140.79597    -98.53055  ]
 [  61.53168    -83.24056  ]
 [ -72.56306   -140.39688  ]
 [  15.984491    63.578186 ]
 [-160.85162     68.945145 ]
 [  85.96183     51.922935 ]
 [ -99.020836   109.93635  ]
 [-176.76413     -8.681684 ]
 [-117.18988    -37.4202   ]
 [ 108.82992    -22.946203 ]
 [  47.588097   121.934814 ]
 [-106.467834    30.17689  ]
 [ -50.613804    59.328842 ]]"
seated triceps extension,"[[ -10.878068    10.538728 ]
 [ -60.884026   -75.59182  ]
 [  -2.3361192  -53.289074 ]
 [ -61.38532    -12.914634 ]
 [ -28.737743   126.297    ]
 [   1.0666057 -123.55281  ]
 [  45.14072     -7.9478693]
 [-140.79597    -98.53055  ]
 [  61.53168    -83.24056  ]
 [ -72.56306   -140.39688  ]
 [  15.984491    63.578186 ]
 [-160.85162     68.945145 ]
 [  85.96183     51.922935 ]
 [ -99.020836   109.93635  ]
 [-176.76413     -8.681684 ]
 [-117.18988    -37.4202   ]
 [ 108.82992    -22.946203 ]
 [  47.588097   121.934814 ]
 [-106.467834    30.17689  ]
 [ -50.613804    59.328842 ]]"
single arm pushup,"[[ -10.878068    10.538728 ]
 [ -60.884026   -75.59182  ]
 [  -2.3361192  -53.289074 ]
 [ -61.38532    -12.914634 ]
 [ -28.737743   126.297    ]
 [   1.0666057 -123.55281  ]
 [  45.14072     -7.9478693]
 [-140.79597    -98.53055  ]
 [  61.53168    -83.24056  ]
 [ -72.56306   -140.39688  ]
 [  15.984491    63.578186 ]
 [-160.85162     68.945145 ]
 [  85.96183     51.922935 ]
 [ -99.020836   109.93635  ]
 [-176.76413     -8.681684 ]
 [-117.18988    -37.4202   ]
 [ 108.82992    -22.946203 ]
 [  47.588097   121.934814 ]
 [-106.467834    30.17689  ]
 [ -50.613804    59.328842 ]]"
single leg squat,"[[ -10.878068    10.538728 ]
 [ -60.884026   -75.59182  ]
 [  -2.3361192  -53.289074 ]
 [ -61.38532    -12.914634 ]
 [ -28.737743   126.297    ]
 [   1.0666057 -123.55281  ]
 [  45.14072     -7.9478693]
 [-140.79597    -98.53055  ]
 [  61.53168    -83.24056  ]
 [ -72.56306   -140.39688  ]
 [  15.984491    63.578186 ]
 [-160.85162     68.945145 ]
 [  85.96183     51.922935 ]
 [ -99.020836   109.93635  ]
 [-176.76413     -8.681684 ]
 [-117.18988    -37.4202   ]
 [ 108.82992    -22.946203 ]
 [  47.588097   121.934814 ]
 [-106.467834    30.17689  ]
 [ -50.613804    59.328842 ]]"
sit-ups,"[[ -10.878068    10.538728 ]
 [ -60.884026   -75.59182  ]
 [  -2.3361192  -53.289074 ]
 [ -61.38532    -12.914634 ]
 [ -28.737743   126.297    ]
 [   1.0666057 -123.55281  ]
 [  45.14072     -7.9478693]
 [-140.79597    -98.53055  ]
 [  61.53168    -83.24056  ]
 [ -72.56306   -140.39688  ]
 [  15.984491    63.578186 ]
 [-160.85162     68.945145 ]
 [  85.96183     51.922935 ]
 [ -99.020836   109.93635  ]
 [-176.76413     -8.681684 ]
 [-117.18988    -37.4202   ]
 [ 108.82992    -22.946203 ]
 [  47.588097   121.934814 ]
 [-106.467834    30.17689  ]
 [ -50.613804    59.328842 ]]"
slide bridge,"[[ -10.878068    10.538728 ]
 [ -60.884026   -75.59182  ]
 [  -2.3361192  -53.289074 ]
 [ -61.38532    -12.914634 ]
 [ -28.737743   126.297    ]
 [   1.0666057 -123.55281  ]
 [  45.14072     -7.9478693]
 [-140.79597    -98.53055  ]
 [  61.53168    -83.24056  ]
 [ -72.56306   -140.39688  ]
 [  15.984491    63.578186 ]
 [-160.85162     68.945145 ]
 [  85.96183     51.922935 ]
 [ -99.020836   109.93635  ]
 [-176.76413     -8.681684 ]
 [-117.18988    -37.4202   ]
 [ 108.82992    -22.946203 ]
 [  47.588097   121.934814 ]
 [-106.467834    30.17689  ]
 [ -50.613804    59.328842 ]]"
squats,"[[ -10.878068    10.538728 ]
 [ -60.884026   -75.59182  ]
 [  -2.3361192  -53.289074 ]
 [ -61.38532    -12.914634 ]
 [ -28.737743   126.297    ]
 [   1.0666057 -123.55281  ]
 [  45.14072     -7.9478693]
 [-140.79597    -98.53055  ]
 [  61.53168    -83.24056  ]
 [ -72.56306   -140.39688  ]
 [  15.984491    63.578186 ]
 [-160.85162     68.945145 ]
 [  85.96183     51.922935 ]
 [ -99.020836   109.93635  ]
 [-176.76413     -8.681684 ]
 [-117.18988    -37.4202   ]
 [ 108.82992    -22.946203 ]
 [  47.588097   121.934814 ]
 [-106.467834    30.17689  ]
 [ -50.613804    59.328842 ]]"
stability ball dumbbell biceps curl (underhand grip) (1),"[[ -10.878068    10.538728 ]
 [ -60.884026   -75.59182  ]
 [  -2.3361192  -53.289074 ]
 [ -61.38532    -12.914634 ]
 [ -28.737743   126.297    ]
 [   1.0666057 -123.55281  ]
 [  45.14072     -7.9478693]
 [-140.79597    -98.53055  ]
 [  61.53168    -83.24056  ]
 [ -72.56306   -140.39688  ]
 [  15.984491    63.578186 ]
 [-160.85162     68.945145 ]
 [  85.96183     51.922935 ]
 [ -99.020836   109.93635  ]
 [-176.76413     -8.681684 ]
 [-117.18988    -37.4202   ]
 [ 108.82992    -22.946203 ]
 [  47.588097   121.934814 ]
 [-106.467834    30.17689  ]
 [ -50.613804    59.328842 ]]"
stability ball dumbbell biceps curl (underhand grip),"[[ -10.878068    10.538728 ]
 [ -60.884026   -75.59182  ]
 [  -2.3361192  -53.289074 ]
 [ -61.38532    -12.914634 ]
 [ -28.737743   126.297    ]
 [   1.0666057 -123.55281  ]
 [  45.14072     -7.9478693]
 [-140.79597    -98.53055  ]
 [  61.53168    -83.24056  ]
 [ -72.56306   -140.39688  ]
 [  15.984491    63.578186 ]
 [-160.85162     68.945145 ]
 [  85.96183     51.922935 ]
 [ -99.020836   109.93635  ]
 [-176.76413     -8.681684 ]
 [-117.18988    -37.4202   ]
 [ 108.82992    -22.946203 ]
 [  47.588097   121.934814 ]
 [-106.467834    30.17689  ]
 [ -50.613804    59.328842 ]]"
stability ball dumbbell biceps curl seated,"[[ -10.878068    10.538728 ]
 [ -60.884026   -75.59182  ]
 [  -2.3361192  -53.289074 ]
 [ -61.38532    -12.914634 ]
 [ -28.737743   126.297    ]
 [   1.0666057 -123.55281  ]
 [  45.14072     -7.9478693]
 [-140.79597    -98.53055  ]
 [  61.53168    -83.24056  ]
 [ -72.56306   -140.39688  ]
 [  15.984491    63.578186 ]
 [-160.85162     68.945145 ]
 [  85.96183     51.922935 ]
 [ -99.020836   109.93635  ]
 [-176.76413     -8.681684 ]
 [-117.18988    -37.4202   ]
 [ 108.82992    -22.946203 ]
 [  47.588097   121.934814 ]
 [-106.467834    30.17689  ]
 [ -50.613804    59.328842 ]]"
stability ball dumbbell biceps preacher curl,"[[ -10.878068    10.538728 ]
 [ -60.884026   -75.59182  ]
 [  -2.3361192  -53.289074 ]
 [ -61.38532    -12.914634 ]
 [ -28.737743   126.297    ]
 [   1.0666057 -123.55281  ]
 [  45.14072     -7.9478693]
 [-140.79597    -98.53055  ]
 [  61.53168    -83.24056  ]
 [ -72.56306   -140.39688  ]
 [  15.984491    63.578186 ]
 [-160.85162     68.945145 ]
 [  85.96183     51.922935 ]
 [ -99.020836   109.93635  ]
 [-176.76413     -8.681684 ]
 [-117.18988    -37.4202   ]
 [ 108.82992    -22.946203 ]
 [  47.588097   121.934814 ]
 [-106.467834    30.17689  ]
 [ -50.613804    59.328842 ]]"
stability ball flat dumbbell chest press,"[[ -10.878068    10.538728 ]
 [ -60.884026   -75.59182  ]
 [  -2.3361192  -53.289074 ]
 [ -61.38532    -12.914634 ]
 [ -28.737743   126.297    ]
 [   1.0666057 -123.55281  ]
 [  45.14072     -7.9478693]
 [-140.79597    -98.53055  ]
 [  61.53168    -83.24056  ]
 [ -72.56306   -140.39688  ]
 [  15.984491    63.578186 ]
 [-160.85162     68.945145 ]
 [  85.96183     51.922935 ]
 [ -99.020836   109.93635  ]
 [-176.76413     -8.681684 ]
 [-117.18988    -37.4202   ]
 [ 108.82992    -22.946203 ]
 [  47.588097   121.934814 ]
 [-106.467834    30.17689  ]
 [ -50.613804    59.328842 ]]"
stability ball flat dumbbell fly,"[[ -10.878068    10.538728 ]
 [ -60.884026   -75.59182  ]
 [  -2.3361192  -53.289074 ]
 [ -61.38532    -12.914634 ]
 [ -28.737743   126.297    ]
 [   1.0666057 -123.55281  ]
 [  45.14072     -7.9478693]
 [-140.79597    -98.53055  ]
 [  61.53168    -83.24056  ]
 [ -72.56306   -140.39688  ]
 [  15.984491    63.578186 ]
 [-160.85162     68.945145 ]
 [  85.96183     51.922935 ]
 [ -99.020836   109.93635  ]
 [-176.76413     -8.681684 ]
 [-117.18988    -37.4202   ]
 [ 108.82992    -22.946203 ]
 [  47.588097   121.934814 ]
 [-106.467834    30.17689  ]
 [ -50.613804    59.328842 ]]"
stability ball french press,"[[ -10.878068    10.538728 ]
 [ -60.884026   -75.59182  ]
 [  -2.3361192  -53.289074 ]
 [ -61.38532    -12.914634 ]
 [ -28.737743   126.297    ]
 [   1.0666057 -123.55281  ]
 [  45.14072     -7.9478693]
 [-140.79597    -98.53055  ]
 [  61.53168    -83.24056  ]
 [ -72.56306   -140.39688  ]
 [  15.984491    63.578186 ]
 [-160.85162     68.945145 ]
 [  85.96183     51.922935 ]
 [ -99.020836   109.93635  ]
 [-176.76413     -8.681684 ]
 [-117.18988    -37.4202   ]
 [ 108.82992    -22.946203 ]
 [  47.588097   121.934814 ]
 [-106.467834    30.17689  ]
 [ -50.613804    59.328842 ]]"
stability ball hyperextension,"[[ -10.878068    10.538728 ]
 [ -60.884026   -75.59182  ]
 [  -2.3361192  -53.289074 ]
 [ -61.38532    -12.914634 ]
 [ -28.737743   126.297    ]
 [   1.0666057 -123.55281  ]
 [  45.14072     -7.9478693]
 [-140.79597    -98.53055  ]
 [  61.53168    -83.24056  ]
 [ -72.56306   -140.39688  ]
 [  15.984491    63.578186 ]
 [-160.85162     68.945145 ]
 [  85.96183     51.922935 ]
 [ -99.020836   109.93635  ]
 [-176.76413     -8.681684 ]
 [-117.18988    -37.4202   ]
 [ 108.82992    -22.946203 ]
 [  47.588097   121.934814 ]
 [-106.467834    30.17689  ]
 [ -50.613804    59.328842 ]]"
stability ball lateral raise,"[[ 142.01863  -253.38037 ]
 [ -43.411728 -322.13864 ]
 [-186.50917   173.23097 ]
 [-273.30127   -95.307396]
 [-409.7606   1052.3774  ]
 [ -83.13145   -82.12685 ]
 [ -39.841976   42.183826]
 [ 114.32145   252.69522 ]
 [  30.994383 -153.45013 ]
 [ 310.98853   -60.615097]
 [-200.43896  -180.68286 ]
 [ -46.414017  304.95468 ]
 [ -35.268745  168.29984 ]
 [-176.11955    30.927713]
 [  65.671135  -26.909512]
 [ 195.2186     24.788063]
 [ -96.842186 -229.38799 ]
 [ 249.71722   158.95076 ]
 [ 175.30489  -116.863174]
 [  90.0168    110.87914 ]]"
stability ball pullover,"[[ -10.878068    10.538728 ]
 [ -60.884026   -75.59182  ]
 [  -2.3361192  -53.289074 ]
 [ -61.38532    -12.914634 ]
 [ -28.737743   126.297    ]
 [   1.0666057 -123.55281  ]
 [  45.14072     -7.9478693]
 [-140.79597    -98.53055  ]
 [  61.53168    -83.24056  ]
 [ -72.56306   -140.39688  ]
 [  15.984491    63.578186 ]
 [-160.85162     68.945145 ]
 [  85.96183     51.922935 ]
 [ -99.020836   109.93635  ]
 [-176.76413     -8.681684 ]
 [-117.18988    -37.4202   ]
 [ 108.82992    -22.946203 ]
 [  47.588097   121.934814 ]
 [-106.467834    30.17689  ]
 [ -50.613804    59.328842 ]]"
stability ball pushup,"[[ -577.23346    226.34785 ]
 [  105.40926     15.621382]
 [ -238.13919     84.34824 ]
 [  432.1323    -196.22932 ]
 [  169.69516    392.26782 ]
 [  516.4851    -583.2128  ]
 [  462.68488    176.71066 ]
 [ -181.2371     433.66824 ]
 [  435.55795    690.8038  ]
 [  773.089      404.24335 ]
 [   50.60094   -750.0825  ]
 [ -247.9354    -261.96005 ]
 [-1094.1036     471.94983 ]
 [  100.503784  -367.0789  ]
 [-1012.1687     593.5229  ]
 [ -399.04028   -616.3058  ]
 [   20.70469    822.6897  ]
 [ -659.67426   -200.68877 ]
 [ -431.36023    721.3412  ]
 [  820.88477    -96.94721 ]]"
stability ball ticeps extension,"[[ -10.878068    10.538728 ]
 [ -60.884026   -75.59182  ]
 [  -2.3361192  -53.289074 ]
 [ -61.38532    -12.914634 ]
 [ -28.737743   126.297    ]
 [   1.0666057 -123.55281  ]
 [  45.14072     -7.9478693]
 [-140.79597    -98.53055  ]
 [  61.53168    -83.24056  ]
 [ -72.56306   -140.39688  ]
 [  15.984491    63.578186 ]
 [-160.85162     68.945145 ]
 [  85.96183     51.922935 ]
 [ -99.020836   109.93635  ]
 [-176.76413     -8.681684 ]
 [-117.18988    -37.4202   ]
 [ 108.82992    -22.946203 ]
 [  47.588097   121.934814 ]
 [-106.467834    30.17689  ]
 [ -50.613804    59.328842 ]]"
standing barbell calf raise,"[[ -10.878068    10.538728 ]
 [ -60.884026   -75.59182  ]
 [  -2.3361192  -53.289074 ]
 [ -61.38532    -12.914634 ]
 [ -28.737743   126.297    ]
 [   1.0666057 -123.55281  ]
 [  45.14072     -7.9478693]
 [-140.79597    -98.53055  ]
 [  61.53168    -83.24056  ]
 [ -72.56306   -140.39688  ]
 [  15.984491    63.578186 ]
 [-160.85162     68.945145 ]
 [  85.96183     51.922935 ]
 [ -99.020836   109.93635  ]
 [-176.76413     -8.681684 ]
 [-117.18988    -37.4202   ]
 [ 108.82992    -22.946203 ]
 [  47.588097   121.934814 ]
 [-106.467834    30.17689  ]
 [ -50.613804    59.328842 ]]"
standing dumbbell calf raise,"[[ -10.878068    10.538728 ]
 [ -60.884026   -75.59182  ]
 [  -2.3361192  -53.289074 ]
 [ -61.38532    -12.914634 ]
 [ -28.737743   126.297    ]
 [   1.0666057 -123.55281  ]
 [  45.14072     -7.9478693]
 [-140.79597    -98.53055  ]
 [  61.53168    -83.24056  ]
 [ -72.56306   -140.39688  ]
 [  15.984491    63.578186 ]
 [-160.85162     68.945145 ]
 [  85.96183     51.922935 ]
 [ -99.020836   109.93635  ]
 [-176.76413     -8.681684 ]
 [-117.18988    -37.4202   ]
 [ 108.82992    -22.946203 ]
 [  47.588097   121.934814 ]
 [-106.467834    30.17689  ]
 [ -50.613804    59.328842 ]]"
standing wrist curl,"[[ -10.878068    10.538728 ]
 [ -60.884026   -75.59182  ]
 [  -2.3361192  -53.289074 ]
 [ -61.38532    -12.914634 ]
 [ -28.737743   126.297    ]
 [   1.0666057 -123.55281  ]
 [  45.14072     -7.9478693]
 [-140.79597    -98.53055  ]
 [  61.53168    -83.24056  ]
 [ -72.56306   -140.39688  ]
 [  15.984491    63.578186 ]
 [-160.85162     68.945145 ]
 [  85.96183     51.922935 ]
 [ -99.020836   109.93635  ]
 [-176.76413     -8.681684 ]
 [-117.18988    -37.4202   ]
 [ 108.82992    -22.946203 ]
 [  47.588097   121.934814 ]
 [-106.467834    30.17689  ]
 [ -50.613804    59.328842 ]]"
superman,"[[ -10.878068    10.538728 ]
 [ -60.884026   -75.59182  ]
 [  -2.3361192  -53.289074 ]
 [ -61.38532    -12.914634 ]
 [ -28.737743   126.297    ]
 [   1.0666057 -123.55281  ]
 [  45.14072     -7.9478693]
 [-140.79597    -98.53055  ]
 [  61.53168    -83.24056  ]
 [ -72.56306   -140.39688  ]
 [  15.984491    63.578186 ]
 [-160.85162     68.945145 ]
 [  85.96183     51.922935 ]
 [ -99.020836   109.93635  ]
 [-176.76413     -8.681684 ]
 [-117.18988    -37.4202   ]
 [ 108.82992    -22.946203 ]
 [  47.588097   121.934814 ]
 [-106.467834    30.17689  ]
 [ -50.613804    59.328842 ]]"
t-bar bent over row,"[[ -10.878068    10.538728 ]
 [ -60.884026   -75.59182  ]
 [  -2.3361192  -53.289074 ]
 [ -61.38532    -12.914634 ]
 [ -28.737743   126.297    ]
 [   1.0666057 -123.55281  ]
 [  45.14072     -7.9478693]
 [-140.79597    -98.53055  ]
 [  61.53168    -83.24056  ]
 [ -72.56306   -140.39688  ]
 [  15.984491    63.578186 ]
 [-160.85162     68.945145 ]
 [  85.96183     51.922935 ]
 [ -99.020836   109.93635  ]
 [-176.76413     -8.681684 ]
 [-117.18988    -37.4202   ]
 [ 108.82992    -22.946203 ]
 [  47.588097   121.934814 ]
 [-106.467834    30.17689  ]
 [ -50.613804    59.328842 ]]"
toe raises,"[[ -10.878068    10.538728 ]
 [ -60.884026   -75.59182  ]
 [  -2.3361192  -53.289074 ]
 [ -61.38532    -12.914634 ]
 [ -28.737743   126.297    ]
 [   1.0666057 -123.55281  ]
 [  45.14072     -7.9478693]
 [-140.79597    -98.53055  ]
 [  61.53168    -83.24056  ]
 [ -72.56306   -140.39688  ]
 [  15.984491    63.578186 ]
 [-160.85162     68.945145 ]
 [  85.96183     51.922935 ]
 [ -99.020836   109.93635  ]
 [-176.76413     -8.681684 ]
 [-117.18988    -37.4202   ]
 [ 108.82992    -22.946203 ]
 [  47.588097   121.934814 ]
 [-106.467834    30.17689  ]
 [ -50.613804    59.328842 ]]"
triceps dips,"[[ -10.878068    10.538728 ]
 [ -60.884026   -75.59182  ]
 [  -2.3361192  -53.289074 ]
 [ -61.38532    -12.914634 ]
 [ -28.737743   126.297    ]
 [   1.0666057 -123.55281  ]
 [  45.14072     -7.9478693]
 [-140.79597    -98.53055  ]
 [  61.53168    -83.24056  ]
 [ -72.56306   -140.39688  ]
 [  15.984491    63.578186 ]
 [-160.85162     68.945145 ]
 [  85.96183     51.922935 ]
 [ -99.020836   109.93635  ]
 [-176.76413     -8.681684 ]
 [-117.18988    -37.4202   ]
 [ 108.82992    -22.946203 ]
 [  47.588097   121.934814 ]
 [-106.467834    30.17689  ]
 [ -50.613804    59.328842 ]]"
triceps extensions,"[[ -10.878068    10.538728 ]
 [ -60.884026   -75.59182  ]
 [  -2.3361192  -53.289074 ]
 [ -61.38532    -12.914634 ]
 [ -28.737743   126.297    ]
 [   1.0666057 -123.55281  ]
 [  45.14072     -7.9478693]
 [-140.79597    -98.53055  ]
 [  61.53168    -83.24056  ]
 [ -72.56306   -140.39688  ]
 [  15.984491    63.578186 ]
 [-160.85162     68.945145 ]
 [  85.96183     51.922935 ]
 [ -99.020836   109.93635  ]
 [-176.76413     -8.681684 ]
 [-117.18988    -37.4202   ]
 [ 108.82992    -22.946203 ]
 [  47.588097   121.934814 ]
 [-106.467834    30.17689  ]
 [ -50.613804    59.328842 ]]"
triceps kickbacks,"[[ -10.878068    10.538728 ]
 [ -60.884026   -75.59182  ]
 [  -2.3361192  -53.289074 ]
 [ -61.38532    -12.914634 ]
 [ -28.737743   126.297    ]
 [   1.0666057 -123.55281  ]
 [  45.14072     -7.9478693]
 [-140.79597    -98.53055  ]
 [  61.53168    -83.24056  ]
 [ -72.56306   -140.39688  ]
 [  15.984491    63.578186 ]
 [-160.85162     68.945145 ]
 [  85.96183     51.922935 ]
 [ -99.020836   109.93635  ]
 [-176.76413     -8.681684 ]
 [-117.18988    -37.4202   ]
 [ 108.82992    -22.946203 ]
 [  47.588097   121.934814 ]
 [-106.467834    30.17689  ]
 [ -50.613804    59.328842 ]]"
triceps pushdown,"[[ 6.08296127e+01  2.64582520e+02]
 [ 8.46488724e+01  3.41791191e+01]
 [-3.81903076e+02  1.04951584e+02]
 [-3.19628418e+02 -8.97016754e+01]
 [ 2.27657684e+02  1.26937542e+01]
 [-5.56374359e+01  1.55281007e-01]
 [-1.86951477e+02 -2.79843216e+01]
 [-1.49271912e+02  1.00595772e+02]
 [ 1.61273315e+02  1.56835953e+02]
 [-2.22172134e+02  2.27227020e+02]
 [-3.12437286e+02  8.13292770e+01]
 [ 5.99576454e+01 -2.29848343e+02]
 [-1.02278519e+02 -3.60875519e+02]
 [ 1.83277100e+02 -1.34665131e+02]
 [ 4.65310402e+01 -8.91625061e+01]
 [-8.31520081e+01  2.50558090e+02]
 [-9.23659973e+01 -2.88531891e+02]
 [-2.10220078e+02 -1.81768875e+02]
 [-9.24957752e+00  1.27357346e+02]
 [-7.90948181e+01 -1.35628494e+02]]"
twisting hip raise 1,"[[ -10.878068    10.538728 ]
 [ -60.884026   -75.59182  ]
 [  -2.3361192  -53.289074 ]
 [ -61.38532    -12.914634 ]
 [ -28.737743   126.297    ]
 [   1.0666057 -123.55281  ]
 [  45.14072     -7.9478693]
 [-140.79597    -98.53055  ]
 [  61.53168    -83.24056  ]
 [ -72.56306   -140.39688  ]
 [  15.984491    63.578186 ]
 [-160.85162     68.945145 ]
 [  85.96183     51.922935 ]
 [ -99.020836   109.93635  ]
 [-176.76413     -8.681684 ]
 [-117.18988    -37.4202   ]
 [ 108.82992    -22.946203 ]
 [  47.588097   121.934814 ]
 [-106.467834    30.17689  ]
 [ -50.613804    59.328842 ]]"
twisting hip raise 2,"[[ -10.878068    10.538728 ]
 [ -60.884026   -75.59182  ]
 [  -2.3361192  -53.289074 ]
 [ -61.38532    -12.914634 ]
 [ -28.737743   126.297    ]
 [   1.0666057 -123.55281  ]
 [  45.14072     -7.9478693]
 [-140.79597    -98.53055  ]
 [  61.53168    -83.24056  ]
 [ -72.56306   -140.39688  ]
 [  15.984491    63.578186 ]
 [-160.85162     68.945145 ]
 [  85.96183     51.922935 ]
 [ -99.020836   109.93635  ]
 [-176.76413     -8.681684 ]
 [-117.18988    -37.4202   ]
 [ 108.82992    -22.946203 ]
 [  47.588097   121.934814 ]
 [-106.467834    30.17689  ]
 [ -50.613804    59.328842 ]]"
twisting hip raise,"[[ -10.878068    10.538728 ]
 [ -60.884026   -75.59182  ]
 [  -2.3361192  -53.289074 ]
 [ -61.38532    -12.914634 ]
 [ -28.737743   126.297    ]
 [   1.0666057 -123.55281  ]
 [  45.14072     -7.9478693]
 [-140.79597    -98.53055  ]
 [  61.53168    -83.24056  ]
 [ -72.56306   -140.39688  ]
 [  15.984491    63.578186 ]
 [-160.85162     68.945145 ]
 [  85.96183     51.922935 ]
 [ -99.020836   109.93635  ]
 [-176.76413     -8.681684 ]
 [-117.18988    -37.4202   ]
 [ 108.82992    -22.946203 ]
 [  47.588097   121.934814 ]
 [-106.467834    30.17689  ]
 [ -50.613804    59.328842 ]]"
underhand grip concentration with single arm,"[[ -10.878068    10.538728 ]
 [ -60.884026   -75.59182  ]
 [  -2.3361192  -53.289074 ]
 [ -61.38532    -12.914634 ]
 [ -28.737743   126.297    ]
 [   1.0666057 -123.55281  ]
 [  45.14072     -7.9478693]
 [-140.79597    -98.53055  ]
 [  61.53168    -83.24056  ]
 [ -72.56306   -140.39688  ]
 [  15.984491    63.578186 ]
 [-160.85162     68.945145 ]
 [  85.96183     51.922935 ]
 [ -99.020836   109.93635  ]
 [-176.76413     -8.681684 ]
 [-117.18988    -37.4202   ]
 [ 108.82992    -22.946203 ]
 [  47.588097   121.934814 ]
 [-106.467834    30.17689  ]
 [ -50.613804    59.328842 ]]"
underhand grip on bench,"[[ -10.878068    10.538728 ]
 [ -60.884026   -75.59182  ]
 [  -2.3361192  -53.289074 ]
 [ -61.38532    -12.914634 ]
 [ -28.737743   126.297    ]
 [   1.0666057 -123.55281  ]
 [  45.14072     -7.9478693]
 [-140.79597    -98.53055  ]
 [  61.53168    -83.24056  ]
 [ -72.56306   -140.39688  ]
 [  15.984491    63.578186 ]
 [-160.85162     68.945145 ]
 [  85.96183     51.922935 ]
 [ -99.020836   109.93635  ]
 [-176.76413     -8.681684 ]
 [-117.18988    -37.4202   ]
 [ 108.82992    -22.946203 ]
 [  47.588097   121.934814 ]
 [-106.467834    30.17689  ]
 [ -50.613804    59.328842 ]]"
underhand grip prone on an incline bench,"[[ -10.878068    10.538728 ]
 [ -60.884026   -75.59182  ]
 [  -2.3361192  -53.289074 ]
 [ -61.38532    -12.914634 ]
 [ -28.737743   126.297    ]
 [   1.0666057 -123.55281  ]
 [  45.14072     -7.9478693]
 [-140.79597    -98.53055  ]
 [  61.53168    -83.24056  ]
 [ -72.56306   -140.39688  ]
 [  15.984491    63.578186 ]
 [-160.85162     68.945145 ]
 [  85.96183     51.922935 ]
 [ -99.020836   109.93635  ]
 [-176.76413     -8.681684 ]
 [-117.18988    -37.4202   ]
 [ 108.82992    -22.946203 ]
 [  47.588097   121.934814 ]
 [-106.467834    30.17689  ]
 [ -50.613804    59.328842 ]]"
upright row,"[[ -10.878068    10.538728 ]
 [ -60.884026   -75.59182  ]
 [  -2.3361192  -53.289074 ]
 [ -61.38532    -12.914634 ]
 [ -28.737743   126.297    ]
 [   1.0666057 -123.55281  ]
 [  45.14072     -7.9478693]
 [-140.79597    -98.53055  ]
 [  61.53168    -83.24056  ]
 [ -72.56306   -140.39688  ]
 [  15.984491    63.578186 ]
 [-160.85162     68.945145 ]
 [  85.96183     51.922935 ]
 [ -99.020836   109.93635  ]
 [-176.76413     -8.681684 ]
 [-117.18988    -37.4202   ]
 [ 108.82992    -22.946203 ]
 [  47.588097   121.934814 ]
 [-106.467834    30.17689  ]
 [ -50.613804    59.328842 ]]"
upright rows,"[[ -10.878068    10.538728 ]
 [ -60.884026   -75.59182  ]
 [  -2.3361192  -53.289074 ]
 [ -61.38532    -12.914634 ]
 [ -28.737743   126.297    ]
 [   1.0666057 -123.55281  ]
 [  45.14072     -7.9478693]
 [-140.79597    -98.53055  ]
 [  61.53168    -83.24056  ]
 [ -72.56306   -140.39688  ]
 [  15.984491    63.578186 ]
 [-160.85162     68.945145 ]
 [  85.96183     51.922935 ]
 [ -99.020836   109.93635  ]
 [-176.76413     -8.681684 ]
 [-117.18988    -37.4202   ]
 [ 108.82992    -22.946203 ]
 [  47.588097   121.934814 ]
 [-106.467834    30.17689  ]
 [ -50.613804    59.328842 ]]"
weighted pushup,"[[ -10.878068    10.538728 ]
 [ -60.884026   -75.59182  ]
 [  -2.3361192  -53.289074 ]
 [ -61.38532    -12.914634 ]
 [ -28.737743   126.297    ]
 [   1.0666057 -123.55281  ]
 [  45.14072     -7.9478693]
 [-140.79597    -98.53055  ]
 [  61.53168    -83.24056  ]
 [ -72.56306   -140.39688  ]
 [  15.984491    63.578186 ]
 [-160.85162     68.945145 ]
 [  85.96183     51.922935 ]
 [ -99.020836   109.93635  ]
 [-176.76413     -8.681684 ]
 [-117.18988    -37.4202   ]
 [ 108.82992    -22.946203 ]
 [  47.588097   121.934814 ]
 [-106.467834    30.17689  ]
 [ -50.613804    59.328842 ]]"
wrist curls 2,"[[ -10.878068    10.538728 ]
 [ -60.884026   -75.59182  ]
 [  -2.3361192  -53.289074 ]
 [ -61.38532    -12.914634 ]
 [ -28.737743   126.297    ]
 [   1.0666057 -123.55281  ]
 [  45.14072     -7.9478693]
 [-140.79597    -98.53055  ]
 [  61.53168    -83.24056  ]
 [ -72.56306   -140.39688  ]
 [  15.984491    63.578186 ]
 [-160.85162     68.945145 ]
 [  85.96183     51.922935 ]
 [ -99.020836   109.93635  ]
 [-176.76413     -8.681684 ]
 [-117.18988    -37.4202   ]
 [ 108.82992    -22.946203 ]
 [  47.588097   121.934814 ]
 [-106.467834    30.17689  ]
 [ -50.613804    59.328842 ]]"
wrist curls,"[[ -10.878068    10.538728 ]
 [ -60.884026   -75.59182  ]
 [  -2.3361192  -53.289074 ]
 [ -61.38532    -12.914634 ]
 [ -28.737743   126.297    ]
 [   1.0666057 -123.55281  ]
 [  45.14072     -7.9478693]
 [-140.79597    -98.53055  ]
 [  61.53168    -83.24056  ]
 [ -72.56306   -140.39688  ]
 [  15.984491    63.578186 ]
 [-160.85162     68.945145 ]
 [  85.96183     51.922935 ]
 [ -99.020836   109.93635  ]
 [-176.76413     -8.681684 ]
 [-117.18988    -37.4202   ]
 [ 108.82992    -22.946203 ]
 [  47.588097   121.934814 ]
 [-106.467834    30.17689  ]
 [ -50.613804    59.328842 ]]"
